area_sqft,bedrooms,bathrooms,age_years,parking,distance_to_center_km,location,furnishing,price_lakhs
1530.0,3,4.0,13,1,12.2,IT Corridor,Unfurnished,80.96
450.0,1,2.0,23,0,2.9,City Center,Unfurnished,31.26
773.0,2,3.0,13,2,9.5,City Center,Semi-Furnished,64.74
2064.0,3,3.0,27,2,8.5,Outskirts,Semi-Furnished,70.53
929.0,1,1.0,29,0,6.9,Suburb,Unfurnished,34.0
1665.0,4,4.0,10,2,0.5,City Center,Unfurnished,145.74
1369.0,3,2.0,13,3,24.0,Rural,Semi-Furnished,44.32
878.0,1,1.0,11,2,2.3,City Center,Unfurnished,71.75
1226.0,3,4.0,23,1,14.3,City Center,Fully-Furnished,82.23
1143.0,2,2.0,7,1,10.0,Suburb,Unfurnished,59.83
1156.0,1,1.0,1,0,14.3,Suburb,Unfurnished,1800.32
1777.0,2,3.0,28,0,18.8,Outskirts,Semi-Furnished,48.86
1726.0,2,2.0,19,3,13.7,Outskirts,Unfurnished,62.99
1111.0,2,2.0,28,2,10.4,Suburb,Fully-Furnished,51.14
946.0,2,3.0,28,3,13.9,,Fully-Furnished,50.78
,3,4.0,13,0,12.5,,Fully-Furnished,84.03
1350.0,3,3.0,12,2,8.6,Coastal,Fully-Furnished,106.17
1914.0,4,5.0,12,3,4.5,City Center,Unfurnished,142.15
2728.0,4,5.0,17,0,7.5,IT Corridor,Unfurnished,145.49
1821.0,3,3.0,4,0,5.6,Coastal,Semi-Furnished,129.03
1383.0,2,1.0,6,2,16.0,Outskirts,Semi-Furnished,60.49
1314.0,2,3.0,30,3,16.6,Outskirts,Semi-Furnished,44.96
972.0,2,2.0,27,3,9.2,IT Corridor,,51.04
947.0,2,3.0,20,1,24.0,Rural,Semi-Furnished,24.23
898.0,2,3.0,24,1,24.6,Rural,,25.35
1202.0,2,3.0,29,3,8.5,Suburb,Fully-Furnished,53.04
1186.0,2,3.0,0,2,11.0,Suburb,Semi-Furnished,73.15
1772.0,5,4.0,19,0,8.3,Coastal,Fully-Furnished,121.73
1201.0,2,3.0,24,0,12.5,IT Corridor,Unfurnished,47.92
1301.0,2,1.0,15,0,4.8,Suburb,Unfurnished,51.5
791.0,2,3.0,18,3,5.8,Suburb,Semi-Furnished,48.38
2222.0,5,5.0,23,2,15.9,Outskirts,Fully-Furnished,87.6
1653.0,4,5.0,24,3,20.2,Rural,Unfurnished,46.65
2294.0,4,3.0,27,3,15.8,Outskirts,Unfurnished,72.54
1798.0,4,3.0,2,2,10.0,IT Corridor,Unfurnished,121.9
2145.0,4,5.0,26,1,12.5,Outskirts,Unfurnished,69.57
1276.0,2,1.0,8,1,10.9,,Fully-Furnished,75.25
1759.0,3,3.0,10,1,22.9,Rural,Unfurnished,46.22
2753.0,5,6.0,19,2,0.5,City Center,Fully-Furnished,180.12
788.0,2,3.0,15,2,12.9,,Fully-Furnished,39.2
1988.0,4,3.0,19,1,15.1,Outskirts,,69.61
2249.0,4,3.0,29,1,11.1,City Center,Fully-Furnished,121.33
-1.0,4,4.0,25,3,2.6,,Unfurnished,72.95
1783.0,4,4.0,15,1,2.9,City Center,Unfurnished,124.4
2040.0,5,6.0,23,0,11.2,IT Corridor,,95.94
1065.0,1,2.0,24,2,14.8,IT Corridor,Unfurnished,54.68
1609.0,2,1.0,24,0,23.8,Rural,Fully-Furnished,34.04
956.0,2,3.0,16,1,1.6,Suburb,Unfurnished,44.14
1054.0,1,1.0,12,1,12.9,Suburb,Semi-Furnished,47.69
1084.0,2,2.0,25,0,0.5,City Center,Unfurnished,66.53
,3,2.0,7,2,8.8,Suburb,Semi-Furnished,84.63
1475.0,3,3.0,2,3,7.9,IT Corridor,Semi-Furnished,106.23
1632.0,3,3.0,1,0,21.7,Rural,Semi-Furnished,51.58
,2,2.0,0,0,7.5,Suburb,Unfurnished,39.22
2413.0,3,3.0,17,1,11.5,Suburb,Unfurnished,86.55
1992.0,5,5.0,2,3,17.4,Outskirts,Unfurnished,90.11
1772.0,5,5.0,28,3,1.2,City Center,,108.51
1217.0,2,2.0,13,3,10.4,Suburb,Fully-Furnished,61.36
1354.0,3,2.0,0,1,6.8,Coastal,Fully-Furnished,99.2
1681.0,4,5.0,11,1,12.3,IT Corridor,Unfurnished,112.21
1611.0,4,3.0,25,0,12.4,IT Corridor,Fully-Furnished,72.35
,1,2.0,29,3,13.8,IT Corridor,Semi-Furnished,33.13
1780.0,4,4.0,20,2,10.1,IT Corridor,Unfurnished,103.3
2894.0,6,5.0,30,0,14.5,Outskirts,Unfurnished,83.6
,1,2.0,9,2,9.6,Suburb,Fully-Furnished,30.29
1910.0,4,5.0,4,2,15.2,Outskirts,Unfurnished,79.69
1589.0,4,3.0,26,0,6.5,Suburb,Fully-Furnished,66.13
1343.0,2,3.0,25,1,30.1,Rural,Semi-Furnished,31.13
2104.0,4,4.0,16,2,6.5,Coastal,Fully-Furnished,144.51
793.0,1,1.0,15,1,17.2,Outskirts,Semi-Furnished,29.34
1484.0,3,3.0,18,0,12.5,IT Corridor,Unfurnished,73.63
2151.0,4,5.0,26,3,12.6,Suburb,Semi-Furnished,101.4
1299.0,3,2.0,16,3,0.5,City Center,Semi-Furnished,89.38
1185.0,2,3.0,11,0,18.0,IT Corridor,Unfurnished,62.24
1459.0,4,5.0,7,0,14.3,Outskirts,Fully-Furnished,67.03
1172.0,2,3.0,23,3,0.5,City Center,Fully-Furnished,80.92
2195.0,4,5.0,30,1,8.3,Coastal,,109.69
934.0,3,2.0,0,0,14.6,Coastal,Semi-Furnished,63.81
1848.0,3,2.0,8,1,13.4,IT Corridor,,109.54
757.0,2,3.0,14,2,11.2,Outskirts,Unfurnished,32.68
1744.0,3,3.0,6,1,13.5,Outskirts,Fully-Furnished,77.79
1346.0,3,4.0,10,1,11.9,Coastal,Semi-Furnished,99.28
450.0,1,1.0,22,1,7.7,IT Corridor,Semi-Furnished,28.06
1397.0,2,1.0,7,2,14.4,Outskirts,Semi-Furnished,55.48
852.0,2,2.0,21,1,2.0,City Center,Fully-Furnished,65.88
1172.0,4,4.0,9,3,18.4,IT Corridor,Unfurnished,76.76
2191.0,3,2.0,17,3,11.0,IT Corridor,Unfurnished,106.58
826.0,2,1.0,12,3,12.8,Suburb,Fully-Furnished,54.64
855.0,2,2.0,30,0,6.9,Suburb,Unfurnished,32.34
2140.0,4,4.0,15,0,12.5,Outskirts,Unfurnished,77.12
1460.0,2,2.0,27,3,27.9,Rural,Semi-Furnished,33.32
2192.0,6,6.0,16,1,4.8,City Center,,167.34
1566.0,3,2.0,11,2,3.8,Suburb,Unfurnished,91.44
946.0,3,4.0,22,1,10.8,Suburb,Fully-Furnished,52.93
1366.0,3,2.0,13,2,10.8,Suburb,Semi-Furnished,62.51
2032.0,4,5.0,25,2,1.1,City Center,Semi-Furnished,134.23
1884.0,4,5.0,27,0,25.6,Rural,Unfurnished,39.03
1400.0,3,2.0,29,0,9.7,Suburb,Semi-Furnished,54.04
1425.0,4,4.0,22,2,23.5,Rural,Unfurnished,37.93
1342.0,3,2.0,20,3,13.2,Outskirts,Unfurnished,52.2
1103.0,2,3.0,15,3,5.9,Coastal,Unfurnished,73.2
2393.0,5,6.0,7,3,11.1,IT Corridor,Semi-Furnished,155.51
1404.0,4,3.0,21,0,4.9,Suburb,Unfurnished,58.05
819.0,2,1.0,17,3,8.8,Suburb,Semi-Furnished,46.18
1155.0,2,2.0,21,1,0.5,City Center,Semi-Furnished,86.15
1773.0,3,2.0,13,0,9.1,Suburb,Fully-Furnished,81.29
1730.0,4,5.0,7,3,11.7,IT Corridor,Unfurnished,116.92
1330.0,2,1.0,7,0,8.8,IT Corridor,Unfurnished,71.59
1056.0,2,3.0,23,2,11.4,Suburb,Unfurnished,46.27
1412.0,2,3.0,10,3,14.7,Suburb,Fully-Furnished,75.94
540.0,1,1.0,25,3,6.8,City Center,Unfurnished,43.08
731.0,2,2.0,7,2,3.8,Coastal,Fully-Furnished,59.29
1811.0,4,,13,1,18.7,Outskirts,Semi-Furnished,73.1
1154.0,2,3.0,16,0,8.6,Coastal,Unfurnished,62.15
1593.0,4,4.0,22,1,24.7,Rural,Unfurnished,38.07
2026.0,4,5.0,2,0,1.1,City Center,Unfurnished,181.51
1734.0,5,4.0,15,1,2.9,City Center,Semi-Furnished,136.92
1411.0,3,4.0,16,0,19.0,Outskirts,Semi-Furnished,47.48
2494.0,5,4.0,7,2,10.5,Suburb,Unfurnished,114.73
1743.0,3,4.0,12,2,1.7,City Center,Fully-Furnished,148.19
1218.0,1,1.0,26,1,22.9,Rural,Unfurnished,21.42
1776.0,3,4.0,0,2,10.7,IT Corridor,Semi-Furnished,126.13
1610.0,3,3.0,30,3,4.6,City Center,Unfurnished,92.85
960.0,3,2.0,8,1,14.5,Suburb,Fully-Furnished,55.3
1438.0,2,2.0,13,2,8.7,IT Corridor,Unfurnished,96.83
1315.0,4,4.0,30,3,14.9,Outskirts,Fully-Furnished,59.97
450.0,1,1.0,11,0,13.8,Outskirts,Semi-Furnished,20.62
1311.0,3,3.0,17,2,6.7,Suburb,Unfurnished,57.66
1254.0,1,1.0,7,0,16.1,Outskirts,Unfurnished,43.35
1175.0,2,2.0,2,2,10.5,Suburb,Unfurnished,64.75
554.0,1,1.0,3,1,3.7,Coastal,Unfurnished,41.7
1218.0,3,4.0,17,1,8.8,IT Corridor,Fully-Furnished,82.64
1380.0,3,4.0,2,0,12.5,Suburb,Fully-Furnished,69.12
1452.0,2,3.0,21,1,15.8,Outskirts,Unfurnished,47.8
816.0,2,2.0,11,2,9.4,Coastal,Semi-Furnished,61.08
1725.0,4,3.0,4,1,7.4,Suburb,Unfurnished,86.38
775.0,2,3.0,30,0,6.8,Coastal,Unfurnished,45.35
1285.0,3,,12,3,10.3,Suburb,Semi-Furnished,63.45
2071.0,5,6.0,24,0,7.4,Suburb,Semi-Furnished,88.84
1044.0,2,3.0,6,1,0.5,City Center,Fully-Furnished,93.44
1137.0,1,2.0,29,0,11.9,IT Corridor,Fully-Furnished,45.29
1952.0,3,4.0,16,0,14.6,IT Corridor,Unfurnished,89.55
1203.0,3,3.0,26,3,5.8,Suburb,Semi-Furnished,54.98
1247.0,3,2.0,25,1,6.0,City Center,Fully-Furnished,87.97
1514.0,3,3.0,27,3,11.0,Suburb,Semi-Furnished,71.4
1939.0,4,3.0,7,3,5.3,Coastal,Semi-Furnished,147.36
450.0,1,1.0,9,2,24.9,Rural,Semi-Furnished,19.68
974.0,2,1.0,4,2,8.8,Suburb,,48.3
883.0,2,2.0,29,3,10.8,Suburb,Semi-Furnished,43.73
843.0,1,1.0,4,0,9.9,Coastal,Semi-Furnished,56.77
961.0,3,4.0,8,2,11.0,Outskirts,Fully-Furnished,55.87
969.0,2,1.0,19,1,0.5,City Center,Unfurnished,73.42
1555.0,3,4.0,17,2,15.0,IT Corridor,Semi-Furnished,102.68
944.0,1,1.0,2,1,12.2,IT Corridor,Semi-Furnished,64.66
1463.0,2,1.0,16,3,13.1,IT Corridor,Fully-Furnished,90.81
1606.0,4,3.0,16,0,8.9,Coastal,Unfurnished,89.35
1026.0,3,4.0,11,3,13.4,Suburb,Semi-Furnished,61.43
1467.0,3,2.0,25,3,5.3,Suburb,Semi-Furnished,61.83
2239.0,5,6.0,4,3,18.1,Outskirts,Unfurnished,101.16
1565.0,3,3.0,23,3,22.5,Rural,Fully-Furnished,42.6
1074.0,1,1.0,16,0,17.1,Outskirts,Semi-Furnished,34.95
1367.0,4,3.0,20,0,11.9,Coastal,Unfurnished,73.18
,2,2.0,22,0,0.5,City Center,Unfurnished,58.41
1539.0,5,4.0,0,2,16.1,Outskirts,Unfurnished,72.84
1841.0,3,2.0,17,0,11.1,IT Corridor,Semi-Furnished,91.49
981.0,2,2.0,13,1,8.0,Suburb,Unfurnished,48.32
1293.0,3,3.0,20,0,12.0,IT Corridor,Unfurnished,60.53
1969.0,4,5.0,7,0,8.8,IT Corridor,Fully-Furnished,137.57
1146.0,1,2.0,13,2,6.0,Suburb,Fully-Furnished,59.09
1496.0,2,3.0,15,1,9.8,Coastal,Semi-Furnished,100.38
877.0,2,2.0,5,2,11.4,Suburb,Semi-Furnished,60.61
982.0,2,2.0,4,0,10.2,IT Corridor,Fully-Furnished,55.66
1138.0,2,1.0,26,3,7.6,IT Corridor,Fully-Furnished,60.0
,6,5.0,4,2,21.8,Outskirts,Unfurnished,97.33
1195.0,3,3.0,4,2,28.2,Rural,Fully-Furnished,46.68
1135.0,2,1.0,29,1,10.0,Suburb,Unfurnished,40.29
1118.0,2,3.0,26,3,0.5,City Center,Unfurnished,77.92
1317.0,2,3.0,27,2,1.2,City Center,Semi-Furnished,81.43
1728.0,4,5.0,1,1,12.6,IT Corridor,Unfurnished,117.55
1495.0,4,4.0,3,3,12.1,Outskirts,Fully-Furnished,69.25
,5,4.0,3,3,12.6,Coastal,Fully-Furnished,189.16
1507.0,3,3.0,25,2,3.3,City Center,Unfurnished,77.88
2124.0,4,5.0,12,1,4.1,City Center,Semi-Furnished,140.06
1538.0,2,3.0,2,1,5.8,Suburb,Fully-Furnished,100.15
1703.0,3,3.0,26,1,5.2,Coastal,Semi-Furnished,94.69
678.0,2,2.0,10,0,22.6,Rural,Semi-Furnished,20.08
,3,4.0,3,0,25.7,Rural,Semi-Furnished,46.48
1366.0,4,5.0,30,2,24.1,Rural,Semi-Furnished,41.91
1279.0,3,2.0,29,2,14.0,Outskirts,Semi-Furnished,47.85
450.0,1,,29,2,15.8,Outskirts,Semi-Furnished,20.28
1840.0,4,4.0,23,3,15.6,Outskirts,Fully-Furnished,73.73
1206.0,3,,14,3,16.3,IT Corridor,Unfurnished,73.49
1181.0,2,3.0,21,0,24.3,Rural,Unfurnished,22.74
1272.0,2,1.0,21,0,8.9,,Unfurnished,62.95
1286.0,3,4.0,12,1,14.9,Outskirts,Unfurnished,49.49
1604.0,3,3.0,11,0,16.2,IT Corridor,Unfurnished,94.77
764.0,2,1.0,8,2,23.3,Rural,Fully-Furnished,33.15
934.0,2,2.0,26,3,9.0,Suburb,Unfurnished,41.56
1545.0,3,3.0,21,2,6.8,Coastal,Semi-Furnished,90.2
1473.0,4,3.0,9,2,10.1,Suburb,Unfurnished,77.75
1212.0,2,1.0,1,3,3.7,City Center,Fully-Furnished,117.28
1113.0,2,1.0,6,0,9.5,IT Corridor,Unfurnished,63.03
,2,3.0,20,1,11.2,IT Corridor,Unfurnished,52.14
1371.0,2,2.0,4,2,17.7,Outskirts,Unfurnished,57.45
1990.0,4,5.0,18,3,15.1,IT Corridor,Unfurnished,111.31
871.0,2,1.0,19,0,27.6,Rural,Unfurnished,19.9
2162.0,5,6.0,27,0,5.4,City Center,Unfurnished,130.67
1822.0,4,3.0,17,2,6.9,Coastal,Unfurnished,105.57
1174.0,3,4.0,12,2,1.8,City Center,Unfurnished,83.13
1792.0,3,3.0,27,2,27.6,Rural,Fully-Furnished,47.25
667.0,1,1.0,19,0,5.4,Suburb,Unfurnished,27.09
534.0,1,2.0,4,2,8.7,,Unfurnished,32.34
755.0,1,1.0,19,2,9.4,Outskirts,Semi-Furnished,31.1
,3,3.0,24,0,10.8,IT Corridor,Semi-Furnished,54.27
1237.0,2,1.0,15,0,0.8,City Center,Semi-Furnished,85.95
1142.0,3,4.0,29,3,5.3,Suburb,Unfurnished,44.08
1450.0,3,4.0,25,3,4.6,City Center,Unfurnished,93.49
450.0,1,1.0,23,3,0.7,City Center,Semi-Furnished,36.9
1648.0,3,2.0,26,0,13.8,Outskirts,Unfurnished,53.2
690.0,2,2.0,3,3,2.1,City Center,Fully-Furnished,74.12
1070.0,3,3.0,16,2,0.7,City Center,Unfurnished,81.11
1194.0,3,2.0,4,3,19.1,Outskirts,Unfurnished,53.51
822.0,1,1.0,29,2,10.4,IT Corridor,Unfurnished,41.13
715.0,2,1.0,2,1,12.5,IT Corridor,Unfurnished,44.47
897.0,3,4.0,16,1,8.1,IT Corridor,Unfurnished,53.91
1394.0,3,4.0,10,3,23.5,Rural,Semi-Furnished,45.2
1695.0,3,2.0,4,3,10.9,IT Corridor,Unfurnished,129.54
1682.0,3,3.0,23,2,11.0,IT Corridor,Fully-Furnished,90.51
903.0,1,2.0,24,2,1.2,,Unfurnished,52.32
1004.0,3,2.0,4,2,3.3,City Center,Fully-Furnished,98.77
940.0,2,,0,3,13.5,Suburb,,66.39
1625.0,3,4.0,13,2,11.5,IT Corridor,Semi-Furnished,90.49
450.0,2,1.0,2,0,2.5,City Center,Fully-Furnished,57.78
2019.0,6,6.0,1,0,1.8,City Center,Semi-Furnished,177.08
1158.0,2,2.0,13,3,22.4,Outskirts,Fully-Furnished,55.1
1008.0,3,2.0,21,3,29.7,Rural,Semi-Furnished,31.73
1570.0,4,3.0,7,0,13.5,IT Corridor,Unfurnished,90.2
1916.0,4,4.0,3,2,17.0,Outskirts,Semi-Furnished,75.24
,3,3.0,27,1,9.8,IT Corridor,Semi-Furnished,70.37
1926.0,4,4.0,24,0,7.5,Coastal,Unfurnished,88.24
1467.0,4,5.0,13,2,9.5,Suburb,Unfurnished,82.21
,4,3.0,18,1,15.3,Outskirts,Fully-Furnished,67.17
2023.0,4,5.0,10,3,6.4,Suburb,Semi-Furnished,111.51
1350.0,3,3.0,5,0,9.6,IT Corridor,Fully-Furnished,90.77
2120.0,5,6.0,6,2,16.4,,Unfurnished,83.5
1482.0,3,2.0,21,1,9.8,Suburb,Fully-Furnished,68.1
1443.0,3,3.0,29,3,8.7,Outskirts,Unfurnished,49.37
939.0,3,4.0,10,3,12.2,IT Corridor,Unfurnished,62.31
1256.0,3,2.0,7,2,6.6,City Center,Unfurnished,101.1
1789.0,4,3.0,16,1,7.0,Suburb,Unfurnished,82.0
744.0,1,2.0,3,3,9.6,Suburb,,42.18
1725.0,3,4.0,17,1,4.6,Suburb,Fully-Furnished,77.36
1574.0,3,3.0,20,1,17.4,Outskirts,Fully-Furnished,54.15
1539.0,3,2.0,8,3,11.6,Outskirts,Unfurnished,64.42
450.0,1,2.0,8,0,5.2,Suburb,Semi-Furnished,29.52
1348.0,1,1.0,12,0,8.0,Suburb,Fully-Furnished,71.04
1724.0,3,3.0,22,0,31.9,Rural,Unfurnished,34.67
1019.0,2,1.0,24,0,1.1,City Center,Semi-Furnished,69.74
1445.0,3,2.0,21,0,8.2,IT Corridor,Unfurnished,71.55
450.0,1,2.0,26,2,16.3,Outskirts,Semi-Furnished,24.49
1736.0,4,3.0,13,0,25.6,Rural,Unfurnished,41.15
1069.0,2,3.0,26,0,7.8,City Center,Fully-Furnished,70.96
1836.0,3,4.0,7,0,11.2,Outskirts,Unfurnished,67.8
479.0,1,1.0,17,2,10.2,Outskirts,Unfurnished,21.38
1746.0,3,4.0,11,0,14.0,Outskirts,Fully-Furnished,78.37
1282.0,3,3.0,27,3,26.0,Rural,Unfurnished,31.21
1804.0,4,4.0,14,2,9.0,Coastal,Semi-Furnished,118.71
937.0,2,2.0,4,2,18.1,Outskirts,Semi-Furnished,41.97
1091.0,1,1.0,23,0,4.5,Suburb,Unfurnished,44.26
2521.0,5,5.0,30,0,0.5,City Center,Fully-Furnished,169.65
985.0,1,2.0,22,3,11.5,IT Corridor,Unfurnished,52.27
1047.0,2,2.0,1,0,17.4,Outskirts,Unfurnished,33.37
1262.0,1,1.0,12,1,10.3,Suburb,Unfurnished,58.66
,2,3.0,27,2,1.7,City Center,Fully-Furnished,68.43
1995.0,4,3.0,0,2,5.9,Suburb,Unfurnished,98.51
2263.0,4,3.0,24,3,14.5,IT Corridor,Fully-Furnished,112.78
1048.0,2,1.0,9,0,27.7,Rural,Semi-Furnished,26.66
537.0,1,2.0,12,2,19.9,IT Corridor,Fully-Furnished,33.97
1986.0,3,3.0,21,2,2.4,City Center,Unfurnished,137.29
1954.0,4,3.0,24,2,7.7,City Center,Fully-Furnished,131.38
1811.0,4,3.0,19,3,8.4,IT Corridor,Fully-Furnished,107.68
1978.0,5,5.0,29,2,7.3,Suburb,Semi-Furnished,77.31
966.0,2,1.0,6,3,22.9,,Unfurnished,29.59
1316.0,3,,5,1,7.5,Suburb,Fully-Furnished,72.56
708.0,1,1.0,11,1,0.5,City Center,Fully-Furnished,62.58
691.0,2,2.0,20,2,13.3,Outskirts,Unfurnished,26.89
1891.0,4,4.0,15,1,14.8,Outskirts,Fully-Furnished,81.47
1064.0,2,2.0,0,0,7.6,Suburb,Unfurnished,57.95
2540.0,6,6.0,14,1,13.9,IT Corridor,Unfurnished,118.97
1437.0,2,2.0,20,1,2.7,City Center,Unfurnished,106.44
1080.0,2,3.0,18,3,14.9,Outskirts,Semi-Furnished,47.11
1799.0,3,2.0,1,3,19.2,Outskirts,Semi-Furnished,74.42
2301.0,5,,26,2,3.8,City Center,Unfurnished,145.06
1643.0,3,2.0,20,0,12.4,IT Corridor,Semi-Furnished,71.7
791.0,2,3.0,12,2,11.9,IT Corridor,Fully-Furnished,57.58
1586.0,3,4.0,0,2,8.1,Coastal,Unfurnished,100.68
2088.0,5,6.0,21,0,9.6,Coastal,Semi-Furnished,112.49
1153.0,2,1.0,12,2,0.6,City Center,Unfurnished,97.31
,2,1.0,24,1,6.3,City Center,Semi-Furnished,71.74
1908.0,5,5.0,26,0,13.5,Suburb,Unfurnished,72.26
1470.0,4,3.0,21,1,15.3,IT Corridor,Unfurnished,69.24
849.0,2,1.0,9,3,13.5,Outskirts,Unfurnished,40.96
1210.0,1,1.0,3,1,0.5,City Center,,101.22
1022.0,2,2.0,30,0,1.6,City Center,Semi-Furnished,61.37
1548.0,3,3.0,2,3,12.4,IT Corridor,Semi-Furnished,110.59
1455.0,3,4.0,14,3,11.3,Suburb,Unfurnished,67.94
1975.0,5,6.0,9,1,8.4,Suburb,Fully-Furnished,113.57
1755.0,3,3.0,5,1,8.0,Suburb,Unfurnished,76.67
618.0,2,3.0,14,1,29.4,Rural,Unfurnished,21.97
1603.0,3,2.0,29,2,0.9,City Center,Semi-Furnished,87.76
1848.0,4,4.0,10,0,12.0,Suburb,Unfurnished,82.67
1628.0,3,3.0,4,3,11.6,Suburb,Unfurnished,83.8
1915.0,4,4.0,11,0,5.0,Suburb,Semi-Furnished,99.88
1125.0,2,1.0,18,3,12.7,IT Corridor,Semi-Furnished,69.08
925.0,1,1.0,7,3,7.3,Suburb,Fully-Furnished,58.4
1865.0,3,2.0,29,1,0.5,City Center,Unfurnished,111.02
867.0,1,1.0,7,2,2.5,Coastal,Semi-Furnished,67.94
450.0,1,1.0,29,0,4.3,Suburb,Unfurnished,16.95
1913.0,5,5.0,12,2,16.1,Outskirts,Fully-Furnished,70.44
1038.0,3,,17,2,1.8,,Semi-Furnished,68.07
1247.0,3,3.0,9,2,8.7,Coastal,Fully-Furnished,78.79
701.0,1,2.0,6,2,11.8,Outskirts,Unfurnished,31.85
737.0,1,2.0,9,2,11.0,,Semi-Furnished,49.29
822.0,1,1.0,15,0,2.1,City Center,Semi-Furnished,58.52
1220.0,3,2.0,19,0,3.4,Coastal,Unfurnished,72.87
1585.0,3,3.0,9,1,10.0,Outskirts,Fully-Furnished,66.15
450.0,1,1.0,3,0,26.2,Rural,Semi-Furnished,13.84
1776.0,3,2.0,9,3,8.3,Coastal,Semi-Furnished,110.33
809.0,1,2.0,27,2,12.2,Outskirts,Unfurnished,24.59
867.0,1,1.0,9,2,14.6,Outskirts,Semi-Furnished,41.11
1739.0,3,4.0,26,2,13.9,IT Corridor,Semi-Furnished,91.38
1363.0,3,4.0,6,0,14.3,Suburb,,60.96
632.0,1,1.0,5,3,0.5,City Center,Unfurnished,56.59
2322.0,4,3.0,1,2,16.7,Outskirts,Fully-Furnished,102.55
970.0,2,2.0,16,3,14.1,Coastal,Unfurnished,71.1
1524.0,4,3.0,23,1,15.1,Outskirts,Unfurnished,48.19
1500.0,2,1.0,15,2,7.2,City Center,Unfurnished,104.94
2106.0,4,5.0,0,3,17.3,Rural,Semi-Furnished,76.02
1172.0,2,3.0,28,1,13.2,Suburb,Unfurnished,39.67
1904.0,3,2.0,17,1,24.9,Rural,Unfurnished,39.55
1029.0,2,3.0,24,2,3.4,Suburb,Semi-Furnished,50.46
1961.0,4,3.0,11,0,11.2,Suburb,Fully-Furnished,90.33
1019.0,3,4.0,5,2,15.0,IT Corridor,Semi-Furnished,83.46
1219.0,1,2.0,20,0,12.5,Suburb,Fully-Furnished,56.34
2348.0,5,4.0,30,2,28.4,Rural,,49.28
1558.0,3,2.0,17,0,7.8,Coastal,Unfurnished,83.77
,3,3.0,13,0,0.7,City Center,Unfurnished,113.12
2521.0,5,6.0,14,3,6.6,Coastal,Unfurnished,171.33
,3,3.0,5,0,14.8,Outskirts,Unfurnished,57.49
992.0,3,2.0,24,1,10.1,Suburb,Semi-Furnished,44.25
1767.0,3,4.0,18,2,13.5,Outskirts,Unfurnished,56.45
809.0,2,2.0,17,1,15.1,Outskirts,Semi-Furnished,33.04
1964.0,4,4.0,0,2,27.5,Rural,Semi-Furnished,63.85
2003.0,4,3.0,27,3,9.9,,Fully-Furnished,93.57
1114.0,2,3.0,15,0,21.7,Outskirts,Unfurnished,38.47
1086.0,3,3.0,18,0,21.3,Outskirts,,41.85
1488.0,3,3.0,21,1,0.5,City Center,Unfurnished,95.39
1407.0,3,4.0,27,2,7.2,Suburb,Fully-Furnished,63.71
911.0,2,2.0,29,2,11.1,,Unfurnished,34.44
1684.0,3,4.0,26,3,8.5,IT Corridor,Unfurnished,88.0
450.0,1,1.0,16,0,16.5,Outskirts,Semi-Furnished,17.16
1184.0,2,1.0,21,3,6.0,Suburb,Unfurnished,56.53
1198.0,3,4.0,21,0,11.8,Outskirts,Unfurnished,43.59
1263.0,2,3.0,10,0,8.1,Suburb,Unfurnished,62.75
1554.0,2,2.0,30,1,14.3,IT Corridor,Unfurnished,64.91
786.0,2,1.0,15,1,7.9,Suburb,Semi-Furnished,38.98
1694.0,4,3.0,27,3,7.9,Suburb,Semi-Furnished,77.01
1310.0,2,1.0,2,1,5.6,City Center,Semi-Furnished,123.1
1075.0,3,3.0,7,1,4.3,City Center,Semi-Furnished,91.5
717.0,1,1.0,22,2,16.3,Outskirts,Unfurnished,24.61
,2,2.0,22,2,17.7,Outskirts,Semi-Furnished,34.51
1580.0,4,4.0,20,0,11.9,Outskirts,Semi-Furnished,51.43
918.0,2,1.0,8,0,8.5,Coastal,Fully-Furnished,66.56
1432.0,3,4.0,25,0,6.0,Coastal,Unfurnished,75.42
1931.0,5,6.0,3,1,17.9,Outskirts,Unfurnished,86.32
1916.0,3,4.0,2,1,10.3,Coastal,Unfurnished,135.88
2180.0,4,4.0,26,2,11.8,Outskirts,Unfurnished,74.37
1252.0,3,4.0,3,0,12.9,Suburb,Semi-Furnished,80.55
857.0,1,2.0,28,0,5.5,Suburb,Semi-Furnished,33.93
1910.0,4,4.0,20,2,11.4,Coastal,Semi-Furnished,106.95
1555.0,3,3.0,5,2,25.5,Rural,Semi-Furnished,48.74
1962.0,5,4.0,22,1,6.3,Suburb,Unfurnished,83.88
1406.0,2,3.0,15,1,8.6,IT Corridor,Unfurnished,77.83
1998.0,4,3.0,2,1,24.0,Rural,Unfurnished,51.61
1823.0,4,5.0,11,0,14.8,Outskirts,Unfurnished,69.67
1758.0,4,4.0,0,1,6.8,Suburb,Semi-Furnished,101.3
1652.0,3,2.0,2,1,4.6,City Center,Semi-Furnished,117.94
1599.0,3,4.0,10,1,0.5,City Center,Unfurnished,122.12
1517.0,3,4.0,6,2,2.9,City Center,Semi-Furnished,131.33
1513.0,3,3.0,10,1,2.9,City Center,Unfurnished,125.81
1895.0,4,3.0,11,2,6.4,IT Corridor,Semi-Furnished,111.08
1144.0,3,3.0,1,1,3.8,City Center,Semi-Furnished,96.33
2268.0,5,5.0,25,2,8.2,IT Corridor,Unfurnished,122.08
1347.0,3,4.0,3,2,4.5,IT Corridor,Semi-Furnished,91.63
1893.0,3,3.0,17,2,7.1,Suburb,Unfurnished,86.02
1355.0,3,,6,0,14.2,Outskirts,,54.96
1277.0,3,2.0,16,3,5.6,City Center,Semi-Furnished,102.7
2416.0,5,6.0,0,2,13.5,Outskirts,,107.31
1245.0,3,2.0,20,2,12.3,Coastal,Fully-Furnished,73.2
761.0,1,1.0,4,1,16.2,IT Corridor,Fully-Furnished,55.79
1043.0,3,4.0,28,1,12.1,Suburb,Fully-Furnished,48.44
1241.0,4,3.0,0,0,11.8,Coastal,Semi-Furnished,89.99
2478.0,5,6.0,24,1,15.9,Outskirts,Fully-Furnished,97.18
1503.0,3,4.0,11,0,7.3,Suburb,Unfurnished,76.52
1867.0,4,3.0,4,1,26.8,Rural,Semi-Furnished,48.57
899.0,3,3.0,23,3,10.8,Coastal,,56.29
1576.0,3,2.0,27,3,12.6,IT Corridor,Fully-Furnished,80.14
1736.0,4,5.0,20,0,2.2,City Center,Unfurnished,110.16
2301.0,4,4.0,28,2,10.3,Outskirts,Semi-Furnished,63.83
1052.0,2,1.0,18,1,4.9,City Center,Unfurnished,75.1
1702.0,3,3.0,28,0,12.9,IT Corridor,Unfurnished,77.08
1551.0,4,,14,3,8.1,IT Corridor,Semi-Furnished,100.53
889.0,1,1.0,19,0,8.2,Coastal,Unfurnished,47.05
1390.0,3,2.0,5,0,11.0,Suburb,Semi-Furnished,72.12
1268.0,3,4.0,19,0,8.6,Suburb,Semi-Furnished,61.6
450.0,2,3.0,1,0,14.2,IT Corridor,Unfurnished,29.54
1699.0,3,3.0,8,1,5.1,City Center,Semi-Furnished,129.73
1670.0,4,5.0,5,1,4.5,Suburb,Semi-Furnished,90.26
,2,3.0,2,0,11.0,IT Corridor,Unfurnished,77.26
731.0,2,1.0,29,3,16.3,Outskirts,Semi-Furnished,31.68
2140.0,4,5.0,6,3,14.6,IT Corridor,Semi-Furnished,122.87
1533.0,3,4.0,25,0,7.1,City Center,Fully-Furnished,93.35
1908.0,4,5.0,23,0,19.2,Rural,Fully-Furnished,55.28
2105.0,5,5.0,17,3,11.7,IT Corridor,Unfurnished,109.74
1140.0,1,1.0,30,2,27.0,Rural,Semi-Furnished,26.31
1806.0,4,4.0,19,0,11.5,Coastal,Semi-Furnished,100.12
1279.0,2,2.0,29,0,13.9,Suburb,Unfurnished,47.81
1369.0,3,2.0,23,2,6.1,Suburb,,62.43
1357.0,2,2.0,0,0,10.8,IT Corridor,Unfurnished,81.56
1399.0,2,1.0,25,3,5.8,Suburb,Semi-Furnished,56.97
1957.0,3,3.0,17,3,14.3,IT Corridor,Semi-Furnished,105.14
1462.0,4,3.0,7,2,21.0,Rural,Semi-Furnished,49.83
1323.0,2,1.0,1,3,15.4,IT Corridor,Unfurnished,89.63
1262.0,3,3.0,24,2,14.7,IT Corridor,Fully-Furnished,63.57
1571.0,3,4.0,20,3,9.4,Coastal,Unfurnished,107.25
953.0,1,1.0,20,1,18.5,Rural,Semi-Furnished,23.89
1149.0,2,2.0,14,1,6.9,Suburb,Unfurnished,49.82
1374.0,3,4.0,8,1,14.1,IT Corridor,Fully-Furnished,89.22
1117.0,2,1.0,15,0,7.7,IT Corridor,Fully-Furnished,61.59
,3,4.0,8,3,24.2,Rural,Semi-Furnished,43.87
1095.0,2,1.0,20,0,11.6,IT Corridor,Fully-Furnished,55.66
2402.0,5,5.0,5,1,17.5,Outskirts,Semi-Furnished,95.26
2065.0,4,3.0,23,1,15.7,,Semi-Furnished,64.25
1625.0,3,3.0,16,2,3.7,City Center,Semi-Furnished,105.06
1373.0,4,4.0,6,2,13.6,Outskirts,Fully-Furnished,68.89
2495.0,5,6.0,30,2,8.9,Suburb,Unfurnished,91.83
1561.0,3,2.0,16,0,2.5,City Center,Semi-Furnished,119.3
1357.0,2,3.0,24,3,14.1,IT Corridor,Unfurnished,71.73
1552.0,3,2.0,26,3,11.4,IT Corridor,Semi-Furnished,82.76
1553.0,4,3.0,5,0,6.0,City Center,Unfurnished,123.91
2105.0,4,5.0,17,2,3.9,Suburb,Semi-Furnished,111.94
1391.0,2,2.0,3,0,15.5,IT Corridor,Semi-Furnished,81.91
2450.0,5,5.0,18,2,2.4,City Center,Fully-Furnished,163.88
959.0,2,1.0,8,3,15.3,IT Corridor,Fully-Furnished,68.26
1747.0,5,5.0,26,3,12.2,IT Corridor,Unfurnished,74.02
899.0,1,2.0,5,2,11.4,Suburb,Unfurnished,47.03
2309.0,5,6.0,15,1,16.3,IT Corridor,Unfurnished,125.14
1235.0,3,2.0,4,2,7.3,Suburb,Semi-Furnished,69.05
1371.0,2,2.0,28,2,12.1,IT Corridor,Unfurnished,68.77
1862.0,3,4.0,22,2,8.4,Suburb,Fully-Furnished,89.88
2028.0,4,3.0,15,3,9.5,Suburb,Unfurnished,96.37
844.0,3,4.0,9,3,0.5,City Center,Fully-Furnished,80.54
1227.0,2,2.0,7,2,8.4,Suburb,Semi-Furnished,72.32
703.0,1,1.0,17,3,8.2,Suburb,Semi-Furnished,37.92
1469.0,4,3.0,3,0,0.6,City Center,Semi-Furnished,121.85
1349.0,4,5.0,9,2,8.3,Suburb,Fully-Furnished,84.68
,2,1.0,1,0,0.5,City Center,Unfurnished,105.32
1058.0,1,1.0,30,0,7.0,City Center,Fully-Furnished,70.25
1207.0,3,2.0,21,0,10.2,Suburb,Fully-Furnished,54.45
1027.0,2,2.0,18,3,17.5,IT Corridor,Semi-Furnished,52.91
1664.0,4,3.0,21,2,22.3,Rural,Semi-Furnished,46.76
2158.0,4,4.0,4,0,5.4,Suburb,Unfurnished,120.76
450.0,1,1.0,23,2,3.7,City Center,Semi-Furnished,35.78
1342.0,2,3.0,24,3,7.0,IT Corridor,Semi-Furnished,82.71
1191.0,3,3.0,22,3,12.6,IT Corridor,Unfurnished,74.93
1646.0,4,4.0,8,0,9.8,IT Corridor,Unfurnished,93.09
924.0,1,2.0,11,1,10.9,IT Corridor,Fully-Furnished,56.89
1327.0,2,,14,3,12.7,IT Corridor,Fully-Furnished,76.16
880.0,3,3.0,29,0,9.0,Suburb,Unfurnished,36.67
1748.0,3,3.0,8,2,20.4,Outskirts,Semi-Furnished,72.5
1450.0,2,3.0,25,2,16.8,Outskirts,Semi-Furnished,51.51
1319.0,3,3.0,15,0,11.1,Outskirts,Fully-Furnished,48.01
1585.0,3,4.0,24,0,11.8,Suburb,Semi-Furnished,61.28
1277.0,2,3.0,9,3,3.9,Coastal,Semi-Furnished,85.67
623.0,1,2.0,11,3,9.2,Suburb,Fully-Furnished,38.24
1698.0,3,2.0,9,2,5.2,Suburb,Unfurnished,77.39
1544.0,3,4.0,9,3,6.4,Suburb,Semi-Furnished,76.76
1323.0,3,4.0,4,0,15.8,IT Corridor,Fully-Furnished,84.89
1892.0,3,3.0,8,0,6.2,Coastal,Fully-Furnished,133.44
2009.0,4,5.0,29,3,1.0,City Center,Fully-Furnished,135.69
854.0,2,1.0,2,0,7.2,Suburb,Unfurnished,44.02
1009.0,3,4.0,6,2,14.0,,Semi-Furnished,47.54
2174.0,5,4.0,8,2,7.2,City Center,Unfurnished,167.65
2109.0,4,4.0,8,1,5.4,Suburb,Fully-Furnished,116.25
1031.0,2,1.0,26,1,8.2,IT Corridor,Semi-Furnished,50.44
810.0,2,2.0,12,3,26.6,Rural,Unfurnished,27.58
1081.0,3,4.0,26,3,0.5,City Center,Semi-Furnished,77.41
1151.0,3,,3,0,7.8,Suburb,Semi-Furnished,62.77
608.0,2,1.0,21,2,12.2,Suburb,Fully-Furnished,36.37
1416.0,4,4.0,7,0,14.9,Outskirts,Semi-Furnished,54.15
760.0,1,2.0,27,0,7.5,Suburb,Unfurnished,1800.32
795.0,1,2.0,12,3,0.8,City Center,Semi-Furnished,61.28
1858.0,4,4.0,20,2,0.5,City Center,Unfurnished,132.79
1058.0,2,3.0,18,0,7.1,Suburb,Unfurnished,41.98
1364.0,3,2.0,10,1,3.3,City Center,Semi-Furnished,118.8
1715.0,3,4.0,16,3,12.6,Suburb,Semi-Furnished,89.28
1807.0,3,3.0,22,3,11.7,Suburb,Unfurnished,73.03
1231.0,3,3.0,11,0,7.2,Suburb,Unfurnished,57.33
1422.0,3,3.0,20,0,12.7,Outskirts,Unfurnished,42.44
987.0,2,2.0,20,3,10.9,Suburb,Unfurnished,47.75
2274.0,4,3.0,25,3,6.5,IT Corridor,Semi-Furnished,118.41
1725.0,4,3.0,23,1,1.6,City Center,Unfurnished,133.53
848.0,1,,14,3,23.9,Rural,Unfurnished,22.94
1402.0,3,2.0,8,2,8.6,IT Corridor,Unfurnished,94.51
1757.0,4,5.0,13,3,0.5,City Center,Semi-Furnished,134.99
1640.0,3,2.0,7,2,9.9,Suburb,Fully-Furnished,90.33
2315.0,4,3.0,4,2,20.0,Rural,Semi-Furnished,70.41
2086.0,3,4.0,19,1,9.1,IT Corridor,Unfurnished,110.43
1130.0,2,2.0,25,3,12.9,Outskirts,Fully-Furnished,48.07
1355.0,2,2.0,12,2,12.1,IT Corridor,,81.92
759.0,2,2.0,27,0,4.8,Suburb,Fully-Furnished,36.29
1525.0,3,4.0,25,2,15.1,IT Corridor,Semi-Furnished,78.35
1476.0,4,4.0,1,1,13.9,Outskirts,Unfurnished,69.87
2752.0,6,5.0,0,0,8.1,Suburb,Semi-Furnished,133.97
1449.0,3,,28,0,7.8,Suburb,Semi-Furnished,56.13
450.0,1,1.0,16,3,9.8,IT Corridor,Unfurnished,28.72
1064.0,2,3.0,14,0,11.9,Outskirts,Semi-Furnished,38.1
1456.0,3,4.0,10,3,11.2,Coastal,Unfurnished,94.85
772.0,2,2.0,6,3,15.4,Outskirts,Fully-Furnished,47.2
966.0,1,,6,0,8.5,Suburb,Semi-Furnished,56.29
1217.0,2,3.0,19,2,17.8,Outskirts,Fully-Furnished,54.56
1571.0,3,2.0,26,0,22.7,Rural,Unfurnished,27.77
1317.0,2,1.0,9,2,10.7,Suburb,Semi-Furnished,67.53
955.0,2,3.0,6,1,2.9,City Center,Fully-Furnished,78.11
,5,,11,3,9.2,IT Corridor,Semi-Furnished,117.73
1130.0,2,1.0,24,3,17.1,Outskirts,Unfurnished,42.89
1150.0,2,3.0,23,2,10.4,Outskirts,Semi-Furnished,46.18
710.0,1,2.0,26,2,10.7,Suburb,Semi-Furnished,37.0
1007.0,2,3.0,15,0,0.5,City Center,Semi-Furnished,74.66
1726.0,3,2.0,29,1,10.0,Suburb,Unfurnished,54.06
591.0,1,2.0,18,2,11.9,Coastal,Semi-Furnished,36.43
1364.0,3,4.0,3,3,13.5,IT Corridor,Fully-Furnished,97.03
1759.0,4,5.0,17,1,10.0,IT Corridor,Unfurnished,100.16
1211.0,2,2.0,4,0,2.7,City Center,Fully-Furnished,111.91
1520.0,3,4.0,28,1,1.7,City Center,Unfurnished,89.45
842.0,1,2.0,2,2,5.3,Suburb,Semi-Furnished,51.96
2055.0,5,4.0,21,1,11.5,Outskirts,Unfurnished,70.46
1951.0,3,2.0,9,3,8.9,Suburb,Semi-Furnished,107.7
,3,4.0,6,0,10.4,Suburb,Unfurnished,74.96
522.0,2,3.0,28,0,9.6,Outskirts,Unfurnished,17.57
877.0,2,2.0,16,2,8.6,Suburb,Unfurnished,47.56
1888.0,4,3.0,19,2,13.3,IT Corridor,Fully-Furnished,106.87
2257.0,4,5.0,24,2,15.1,Outskirts,Semi-Furnished,77.64
1548.0,2,2.0,4,2,11.8,Outskirts,Fully-Furnished,62.45
2024.0,4,3.0,30,2,17.8,Outskirts,Semi-Furnished,61.53
1096.0,2,2.0,3,3,11.2,Outskirts,Fully-Furnished,49.8
1305.0,2,1.0,2,1,9.7,Coastal,Semi-Furnished,81.08
1401.0,3,3.0,23,1,29.5,,Fully-Furnished,36.84
1612.0,4,4.0,2,1,8.7,Outskirts,Semi-Furnished,70.71
636.0,2,3.0,19,1,15.5,Outskirts,Unfurnished,27.11
1870.0,3,2.0,23,1,9.7,Suburb,Unfurnished,81.14
2061.0,4,5.0,0,3,25.4,Rural,,63.01
826.0,1,1.0,5,0,6.5,Suburb,Unfurnished,45.5
722.0,2,1.0,18,0,13.8,Outskirts,Semi-Furnished,25.81
1575.0,4,5.0,14,3,10.6,Outskirts,Unfurnished,69.85
1073.0,3,2.0,5,3,3.1,City Center,,90.91
450.0,1,2.0,20,0,16.3,Outskirts,Unfurnished,15.77
1804.0,3,4.0,9,1,9.8,IT Corridor,Fully-Furnished,109.19
1478.0,3,3.0,16,2,6.0,Suburb,Unfurnished,69.61
1162.0,2,2.0,3,1,7.3,Suburb,Unfurnished,64.11
2457.0,4,,17,0,2.7,City Center,Unfurnished,143.84
1469.0,3,3.0,30,3,14.9,,Unfurnished,48.53
1023.0,2,1.0,4,0,7.4,Coastal,Semi-Furnished,68.24
1451.0,3,3.0,14,1,2.9,City Center,Fully-Furnished,112.44
880.0,1,1.0,5,2,7.9,IT Corridor,Unfurnished,58.17
1019.0,1,2.0,19,0,16.7,Rural,Unfurnished,21.03
1593.0,3,4.0,11,2,13.5,IT Corridor,Unfurnished,90.62
1123.0,2,1.0,6,0,15.9,IT Corridor,Semi-Furnished,60.43
1175.0,2,2.0,7,3,0.5,City Center,,102.72
2234.0,4,5.0,11,2,12.8,Outskirts,Semi-Furnished,83.87
1830.0,3,3.0,2,3,8.6,Coastal,Fully-Furnished,144.71
1801.0,4,3.0,20,2,5.5,City Center,Unfurnished,108.75
1664.0,3,,8,1,16.6,Outskirts,Unfurnished,69.8
1642.0,3,4.0,23,0,12.5,Suburb,Unfurnished,59.73
2128.0,4,3.0,30,2,24.6,Rural,Fully-Furnished,53.92
1390.0,2,3.0,28,1,3.9,City Center,Unfurnished,78.63
2328.0,5,6.0,14,3,8.9,Coastal,Fully-Furnished,162.8
924.0,1,1.0,7,1,6.4,,Unfurnished,61.53
1272.0,2,2.0,11,1,15.2,IT Corridor,Unfurnished,73.61
711.0,1,2.0,7,3,13.5,IT Corridor,Semi-Furnished,51.52
1228.0,3,2.0,24,3,14.6,IT Corridor,Semi-Furnished,73.24
1659.0,3,2.0,12,1,10.6,IT Corridor,Unfurnished,96.38
2126.0,5,5.0,26,2,10.7,Coastal,Semi-Furnished,123.2
1068.0,2,1.0,9,2,8.6,IT Corridor,Unfurnished,73.52
1403.0,3,3.0,5,3,9.9,Suburb,Fully-Furnished,79.54
,2,2.0,25,3,1.0,Suburb,Semi-Furnished,64.06
1031.0,2,1.0,3,1,21.7,Rural,Fully-Furnished,34.49
805.0,2,3.0,11,0,13.9,IT Corridor,Semi-Furnished,44.34
1430.0,3,3.0,23,0,10.4,IT Corridor,Semi-Furnished,73.77
534.0,2,1.0,11,3,9.2,Suburb,Fully-Furnished,39.02
1455.0,3,3.0,25,3,0.5,City Center,Semi-Furnished,112.7
1410.0,3,4.0,15,1,7.3,City Center,Unfurnished,96.77
1071.0,2,1.0,6,3,10.5,Suburb,Semi-Furnished,61.48
895.0,2,1.0,17,2,24.6,,Unfurnished,24.8
708.0,2,1.0,6,2,15.9,Outskirts,Semi-Furnished,30.34
2336.0,5,4.0,10,1,15.7,Outskirts,Fully-Furnished,94.96
729.0,2,1.0,2,0,12.9,Suburb,Semi-Furnished,37.26
2179.0,4,,0,2,9.3,Suburb,Fully-Furnished,137.93
1700.0,3,3.0,1,0,3.4,Coastal,Unfurnished,138.93
1218.0,2,2.0,22,2,14.0,,Unfurnished,41.58
,1,1.0,5,1,6.5,City Center,Unfurnished,57.59
1921.0,4,3.0,3,2,13.4,IT Corridor,Unfurnished,121.76
2265.0,3,2.0,4,0,1.5,City Center,Unfurnished,180.11
933.0,2,1.0,26,3,10.5,Suburb,Unfurnished,43.99
1251.0,4,5.0,30,2,25.0,Rural,Unfurnished,33.3
1926.0,4,3.0,7,1,4.5,City Center,Semi-Furnished,139.94
1568.0,2,1.0,17,2,10.0,Outskirts,Semi-Furnished,56.21
,5,4.0,7,0,12.1,Outskirts,Semi-Furnished,86.81
1115.0,3,4.0,6,3,4.7,City Center,Semi-Furnished,113.84
1671.0,3,4.0,16,3,11.0,IT Corridor,Fully-Furnished,95.99
775.0,2,2.0,26,3,15.7,Outskirts,Semi-Furnished,32.69
2448.0,5,5.0,28,2,20.4,Outskirts,Semi-Furnished,75.45
1035.0,2,3.0,0,3,6.8,Coastal,Semi-Furnished,79.22
450.0,3,4.0,11,2,15.4,,Unfurnished,26.9
1337.0,3,4.0,23,3,10.1,IT Corridor,Unfurnished,72.47
1330.0,2,2.0,14,2,12.9,Outskirts,,53.29
2358.0,4,3.0,7,1,2.5,City Center,Unfurnished,179.04
1231.0,3,3.0,12,0,10.4,Outskirts,Fully-Furnished,56.46
1394.0,3,4.0,10,0,2.5,Suburb,Unfurnished,71.92
1697.0,4,3.0,3,1,28.7,Rural,Unfurnished,41.75
2193.0,4,4.0,19,2,11.4,IT Corridor,Fully-Furnished,115.95
1368.0,2,1.0,8,0,6.0,City Center,Semi-Furnished,108.21
1920.0,4,5.0,8,0,25.1,Rural,Fully-Furnished,52.35
1659.0,3,4.0,28,2,15.1,Outskirts,Semi-Furnished,55.69
1252.0,2,3.0,18,2,4.7,City Center,Fully-Furnished,93.72
1439.0,2,2.0,29,3,13.8,IT Corridor,,71.93
1414.0,2,2.0,15,2,5.2,Suburb,Unfurnished,65.71
942.0,1,1.0,7,2,15.2,IT Corridor,Semi-Furnished,58.72
2007.0,4,4.0,24,1,5.9,Suburb,Semi-Furnished,80.13
,1,1.0,28,3,3.3,City Center,Fully-Furnished,54.4
1986.0,4,4.0,8,2,22.2,Outskirts,Fully-Furnished,75.72
1877.0,4,5.0,0,1,2.9,City Center,Fully-Furnished,190.3
1353.0,2,1.0,30,0,16.6,IT Corridor,Semi-Furnished,55.46
1017.0,2,3.0,22,0,10.7,IT Corridor,Semi-Furnished,52.18
1287.0,2,1.0,11,3,10.5,Suburb,Semi-Furnished,70.94
1636.0,4,5.0,0,1,11.9,IT Corridor,Fully-Furnished,113.99
1772.0,2,3.0,17,3,12.9,IT Corridor,Unfurnished,95.39
1543.0,3,4.0,13,0,6.2,Suburb,Unfurnished,71.72
1896.0,3,3.0,13,0,22.0,Rural,Unfurnished,40.65
1121.0,2,1.0,12,1,8.7,Coastal,Semi-Furnished,68.67
1517.0,4,4.0,20,0,7.1,IT Corridor,Fully-Furnished,81.07
616.0,1,2.0,13,0,12.2,Outskirts,Fully-Furnished,30.6
1782.0,4,,30,0,13.6,IT Corridor,Semi-Furnished,75.27
1477.0,2,1.0,29,0,12.9,Outskirts,Fully-Furnished,42.7
1192.0,4,5.0,2,0,6.1,Suburb,Fully-Furnished,71.69
1981.0,5,5.0,10,2,0.5,City Center,Fully-Furnished,171.94
1746.0,4,,29,3,9.1,Suburb,Semi-Furnished,85.2
450.0,1,,0,2,13.6,Outskirts,Fully-Furnished,27.52
1420.0,2,3.0,9,2,9.1,Suburb,Fully-Furnished,80.58
672.0,2,2.0,3,3,24.2,Rural,Unfurnished,26.97
1933.0,4,5.0,12,3,20.1,Outskirts,Unfurnished,73.19
2645.0,5,4.0,23,3,13.4,,Fully-Furnished,96.14
1141.0,2,1.0,5,3,9.0,Outskirts,Semi-Furnished,48.62
1437.0,2,2.0,3,0,25.0,Rural,Unfurnished,36.98
1274.0,3,4.0,0,1,8.7,Suburb,Fully-Furnished,79.42
,3,4.0,1,3,15.2,Outskirts,Unfurnished,65.67
1722.0,4,3.0,24,3,7.0,IT Corridor,Semi-Furnished,104.17
2044.0,4,5.0,6,3,11.0,Coastal,Unfurnished,152.54
906.0,2,1.0,3,3,14.6,Outskirts,Unfurnished,45.63
2186.0,4,4.0,30,2,11.6,IT Corridor,Unfurnished,86.95
934.0,2,2.0,11,3,4.1,Suburb,Unfurnished,51.43
1539.0,4,3.0,13,3,26.1,Rural,Unfurnished,42.85
1979.0,5,5.0,9,2,14.5,Outskirts,Unfurnished,83.4
1757.0,4,3.0,4,2,6.7,City Center,Semi-Furnished,160.92
931.0,2,3.0,21,0,7.5,Suburb,Unfurnished,34.77
1049.0,1,2.0,20,0,0.5,City Center,Semi-Furnished,70.59
1169.0,3,2.0,11,0,25.1,Rural,Fully-Furnished,34.14
1374.0,3,4.0,11,0,9.0,IT Corridor,Fully-Furnished,91.58
1973.0,4,5.0,3,1,3.9,City Center,Semi-Furnished,165.61
754.0,1,1.0,17,1,0.5,City Center,Semi-Furnished,51.19
1633.0,2,2.0,14,1,24.3,Rural,Unfurnished,36.4
1705.0,3,3.0,30,2,8.0,Suburb,Fully-Furnished,65.96
1679.0,4,,9,0,8.6,Suburb,Semi-Furnished,80.22
1633.0,4,3.0,21,2,1.2,City Center,Semi-Furnished,114.96
2159.0,4,3.0,10,3,22.3,Rural,Semi-Furnished,59.17
1644.0,3,4.0,16,2,14.5,Outskirts,Unfurnished,61.6
1828.0,5,4.0,9,0,1.0,City Center,Semi-Furnished,130.04
1682.0,3,2.0,30,0,9.2,Suburb,Unfurnished,68.19
2297.0,6,6.0,13,2,7.9,Suburb,Fully-Furnished,130.83
450.0,1,1.0,15,0,1.2,Coastal,Semi-Furnished,33.0
2041.0,4,5.0,3,0,8.5,Suburb,Unfurnished,96.04
1269.0,3,4.0,14,2,28.8,Rural,Fully-Furnished,36.1
1260.0,4,3.0,28,0,9.6,,Semi-Furnished,48.9
915.0,1,2.0,26,2,16.5,Outskirts,Semi-Furnished,32.9
466.0,2,2.0,17,2,26.0,Rural,Fully-Furnished,28.42
1209.0,2,3.0,29,1,10.3,IT Corridor,Semi-Furnished,63.63
1056.0,3,3.0,4,1,3.8,Coastal,Semi-Furnished,79.33
1647.0,3,2.0,22,0,14.1,IT Corridor,Unfurnished,82.54
664.0,1,1.0,12,0,14.8,IT Corridor,Unfurnished,38.0
2116.0,5,5.0,11,1,10.4,Suburb,Semi-Furnished,105.22
1536.0,4,5.0,30,0,12.9,IT Corridor,Unfurnished,74.44
1276.0,4,4.0,12,3,3.9,City Center,Unfurnished,106.11
1045.0,3,3.0,18,3,11.6,IT Corridor,Fully-Furnished,65.71
1006.0,2,3.0,0,2,3.5,City Center,Fully-Furnished,88.62
835.0,2,2.0,6,1,11.7,IT Corridor,Fully-Furnished,58.06
1128.0,2,3.0,7,0,15.7,Outskirts,Unfurnished,45.29
1403.0,3,2.0,20,3,9.0,IT Corridor,Fully-Furnished,75.27
,2,1.0,24,3,6.9,Suburb,Unfurnished,50.29
693.0,1,1.0,13,3,16.4,Outskirts,Fully-Furnished,37.69
1267.0,1,1.0,15,0,10.7,IT Corridor,Semi-Furnished,54.32
953.0,2,2.0,20,2,0.5,City Center,Fully-Furnished,84.5
1480.0,3,4.0,26,0,15.1,Outskirts,Fully-Furnished,48.92
2332.0,6,6.0,23,0,2.1,Suburb,Semi-Furnished,108.08
1713.0,4,4.0,20,1,17.2,IT Corridor,,97.88
,2,3.0,2,3,10.8,Suburb,Fully-Furnished,69.25
588.0,2,3.0,17,3,16.7,Outskirts,Unfurnished,27.92
693.0,1,2.0,4,1,6.8,Suburb,Unfurnished,44.66
557.0,1,2.0,24,2,5.4,Suburb,Semi-Furnished,30.46
1763.0,2,3.0,17,3,11.1,IT Corridor,Unfurnished,94.44
,3,4.0,15,2,11.8,IT Corridor,Semi-Furnished,66.41
1431.0,3,2.0,1,1,12.5,Outskirts,Unfurnished,63.74
1089.0,1,2.0,20,3,3.2,City Center,Semi-Furnished,87.24
1446.0,3,4.0,15,1,9.7,Coastal,Fully-Furnished,96.73
,5,5.0,15,1,16.4,Outskirts,Fully-Furnished,79.1
1058.0,2,1.0,7,2,11.7,Outskirts,Fully-Furnished,49.31
1230.0,3,,10,0,8.5,Outskirts,Semi-Furnished,50.01
997.0,1,2.0,25,0,2.7,City Center,Semi-Furnished,67.9
1837.0,3,2.0,23,1,5.8,Coastal,Semi-Furnished,103.26
887.0,2,2.0,25,0,26.0,Rural,Fully-Furnished,27.91
834.0,2,1.0,2,2,13.5,Suburb,,43.83
706.0,1,2.0,6,3,19.5,Outskirts,Unfurnished,34.68
696.0,1,1.0,30,0,9.6,Suburb,Unfurnished,26.86
1635.0,4,3.0,2,0,10.9,Coastal,Semi-Furnished,128.29
2685.0,5,6.0,29,0,29.5,Rural,Unfurnished,51.94
902.0,2,1.0,21,0,14.9,Outskirts,Semi-Furnished,28.68
1876.0,4,,25,2,9.5,Suburb,Unfurnished,75.0
1526.0,4,4.0,12,2,11.2,Suburb,Semi-Furnished,78.84
849.0,3,4.0,14,3,11.6,IT Corridor,Semi-Furnished,61.91
1262.0,3,2.0,9,0,7.3,Suburb,Semi-Furnished,62.59
,3,2.0,13,3,12.6,Outskirts,Semi-Furnished,49.98
1055.0,2,1.0,27,3,8.8,Suburb,Semi-Furnished,45.98
2365.0,4,4.0,12,1,6.0,Coastal,Semi-Furnished,158.68
450.0,1,2.0,1,2,5.0,City Center,Semi-Furnished,49.26
1591.0,4,,14,1,13.8,Outskirts,Unfurnished,52.69
1566.0,4,5.0,2,0,6.9,City Center,Semi-Furnished,128.81
1110.0,4,4.0,6,3,12.2,Suburb,Unfurnished,58.58
1475.0,3,2.0,5,0,0.5,City Center,Fully-Furnished,118.6
1839.0,4,5.0,24,3,27.9,Rural,Fully-Furnished,67.98
1476.0,4,4.0,10,3,1.6,City Center,Unfurnished,121.77
1609.0,3,4.0,27,1,18.7,Outskirts,Unfurnished,47.31
1746.0,3,3.0,21,3,10.2,,Unfurnished,73.73
450.0,1,1.0,15,3,11.6,IT Corridor,Semi-Furnished,31.62
2139.0,5,4.0,7,0,10.7,Suburb,Semi-Furnished,93.65
2539.0,4,3.0,26,2,13.2,Outskirts,Unfurnished,75.49
1890.0,4,,20,0,15.7,Outskirts,Semi-Furnished,62.0
1907.0,3,4.0,9,0,15.9,Outskirts,Semi-Furnished,78.67
696.0,2,2.0,9,0,24.3,Rural,Semi-Furnished,19.26
1341.0,2,3.0,26,1,15.9,Outskirts,Unfurnished,42.11
994.0,2,3.0,20,2,11.9,Outskirts,Semi-Furnished,45.41
1106.0,1,2.0,30,0,10.4,Suburb,Unfurnished,32.24
1884.0,4,5.0,15,2,5.3,Suburb,Fully-Furnished,102.5
998.0,3,2.0,20,1,13.6,IT Corridor,Semi-Furnished,49.54
1335.0,2,1.0,24,3,16.1,Outskirts,Unfurnished,46.02
450.0,1,1.0,29,2,26.8,Rural,Semi-Furnished,18.73
1321.0,2,3.0,6,2,7.2,Suburb,Fully-Furnished,76.23
,2,2.0,22,3,11.5,,,94.02
1048.0,2,3.0,14,0,14.1,Outskirts,Semi-Furnished,38.0
1040.0,2,3.0,21,1,9.2,Suburb,Fully-Furnished,52.93
2343.0,4,5.0,1,2,0.6,,Fully-Furnished,225.04
795.0,2,1.0,14,2,12.9,Suburb,Unfurnished,39.2
875.0,1,2.0,30,0,1.5,City Center,Unfurnished,47.82
995.0,1,1.0,1,2,10.6,Coastal,Fully-Furnished,80.35
1999.0,4,5.0,6,1,6.1,Suburb,Unfurnished,110.16
2451.0,4,3.0,3,2,12.7,IT Corridor,Unfurnished,133.36
1566.0,5,4.0,25,3,13.8,Outskirts,Semi-Furnished,61.27
1041.0,1,1.0,25,2,17.5,Outskirts,Semi-Furnished,33.79
1186.0,3,4.0,17,2,8.0,Suburb,Semi-Furnished,64.49
1932.0,4,3.0,5,1,9.4,IT Corridor,Semi-Furnished,130.69
944.0,1,2.0,29,2,9.1,Coastal,Fully-Furnished,56.89
,3,4.0,21,2,11.4,Outskirts,Unfurnished,77.44
2108.0,5,4.0,13,0,9.1,IT Corridor,Unfurnished,108.6
1435.0,3,4.0,4,1,11.0,Suburb,Fully-Furnished,79.25
1723.0,4,4.0,17,1,9.5,Outskirts,Unfurnished,58.18
1775.0,4,4.0,23,3,10.0,Coastal,Fully-Furnished,109.33
2177.0,4,3.0,7,1,10.7,IT Corridor,Semi-Furnished,131.71
874.0,1,1.0,29,0,12.2,Outskirts,Fully-Furnished,28.36
1991.0,2,1.0,23,3,8.5,Coastal,Semi-Furnished,101.28
1212.0,3,2.0,19,3,16.6,Outskirts,Unfurnished,46.16
1016.0,1,1.0,15,3,23.2,Rural,Semi-Furnished,30.17
1451.0,3,4.0,1,2,8.3,Suburb,Semi-Furnished,89.19
1293.0,3,4.0,3,1,10.1,Coastal,Unfurnished,91.97
906.0,1,1.0,22,0,27.0,,Unfurnished,18.12
601.0,2,,2,1,7.7,Coastal,Unfurnished,47.85
929.0,3,2.0,14,2,9.7,IT Corridor,Unfurnished,49.93
2126.0,5,4.0,5,1,22.2,Rural,,57.39
2381.0,4,4.0,26,1,10.2,IT Corridor,Fully-Furnished,103.5
,3,4.0,26,3,10.8,Suburb,Fully-Furnished,83.92
1993.0,4,5.0,4,2,13.5,IT Corridor,Fully-Furnished,145.29
1142.0,2,3.0,13,1,12.7,IT Corridor,Semi-Furnished,67.18
,2,1.0,8,2,15.8,IT Corridor,Semi-Furnished,83.88
1541.0,3,4.0,0,3,7.0,Coastal,Unfurnished,108.33
859.0,2,3.0,28,2,13.8,,Unfurnished,26.8
905.0,2,1.0,22,2,1.8,City Center,Semi-Furnished,62.39
1449.0,3,2.0,25,1,14.3,Suburb,Semi-Furnished,57.7
1240.0,3,4.0,10,3,0.5,City Center,Semi-Furnished,95.87
868.0,2,1.0,28,2,3.7,City Center,Semi-Furnished,57.66
1593.0,2,3.0,2,3,9.2,Coastal,Fully-Furnished,125.72
1268.0,2,3.0,16,0,15.1,Outskirts,Semi-Furnished,47.13
1911.0,4,4.0,3,2,15.5,Suburb,Unfurnished,111.02
1397.0,3,4.0,20,0,11.2,Coastal,,86.51
1250.0,2,,18,2,10.1,Coastal,Fully-Furnished,78.76
1464.0,3,2.0,28,2,6.4,Suburb,Fully-Furnished,65.13
1314.0,2,2.0,23,0,9.3,Coastal,Fully-Furnished,77.55
1066.0,3,4.0,20,3,7.9,Suburb,Semi-Furnished,54.18
1199.0,2,2.0,11,2,9.0,Suburb,Semi-Furnished,68.88
1775.0,3,3.0,2,0,3.5,City Center,Unfurnished,153.39
1723.0,3,3.0,28,3,7.6,Suburb,Semi-Furnished,72.03
2043.0,4,4.0,4,3,10.7,Suburb,Semi-Furnished,107.31
554.0,1,1.0,3,0,13.5,Suburb,,43.66
1203.0,1,2.0,0,1,11.9,Suburb,Fully-Furnished,72.5
1193.0,3,4.0,26,2,15.5,Outskirts,Unfurnished,45.56
1486.0,3,3.0,3,2,19.5,,Unfurnished,50.88
1174.0,3,3.0,7,2,6.0,City Center,Unfurnished,103.05
1143.0,3,2.0,0,1,15.0,IT Corridor,Semi-Furnished,78.07
1791.0,4,5.0,25,3,11.4,IT Corridor,Unfurnished,96.69
1489.0,4,4.0,11,2,1.6,City Center,Semi-Furnished,113.56
817.0,1,2.0,21,0,16.8,Outskirts,Semi-Furnished,29.25
2067.0,4,5.0,19,1,12.7,Outskirts,Fully-Furnished,68.55
1898.0,3,,19,0,17.2,Outskirts,Unfurnished,58.6
1113.0,3,3.0,26,3,5.9,Suburb,,57.81
1816.0,4,3.0,27,0,0.5,City Center,Unfurnished,96.18
1032.0,3,3.0,12,1,9.0,,Semi-Furnished,63.57
1963.0,4,3.0,7,0,4.8,Suburb,Semi-Furnished,92.05
1291.0,1,2.0,4,1,12.0,IT Corridor,Semi-Furnished,86.38
999.0,3,3.0,3,1,16.5,Outskirts,Semi-Furnished,44.86
1213.0,2,1.0,28,2,11.2,Outskirts,Fully-Furnished,44.76
1017.0,2,2.0,9,0,14.6,IT Corridor,Semi-Furnished,57.0
1496.0,3,2.0,28,0,1.4,City Center,Unfurnished,102.52
1488.0,3,4.0,19,0,16.5,Outskirts,Fully-Furnished,58.86
1418.0,3,2.0,30,3,12.6,IT Corridor,Semi-Furnished,79.08
1122.0,1,1.0,18,0,23.7,Rural,Unfurnished,22.83
450.0,2,2.0,0,2,7.5,Suburb,Unfurnished,33.55
1446.0,3,2.0,23,3,7.2,IT Corridor,Semi-Furnished,80.44
452.0,1,1.0,18,3,13.0,Outskirts,Semi-Furnished,25.21
1522.0,4,3.0,7,1,6.8,Suburb,Semi-Furnished,85.71
1965.0,4,5.0,19,0,16.6,IT Corridor,Unfurnished,97.91
1537.0,3,4.0,4,2,14.8,IT Corridor,Semi-Furnished,99.0
1205.0,1,2.0,16,2,11.1,Outskirts,Fully-Furnished,44.84
,3,4.0,25,2,14.2,IT Corridor,Semi-Furnished,67.89
1333.0,3,2.0,5,0,25.6,Rural,Unfurnished,34.94
1125.0,2,3.0,18,3,6.9,Coastal,Fully-Furnished,76.75
1108.0,1,1.0,28,0,16.3,Outskirts,Fully-Furnished,34.83
938.0,1,1.0,24,1,17.2,Outskirts,Unfurnished,27.71
1994.0,3,3.0,16,1,13.4,Outskirts,Semi-Furnished,65.01
1392.0,3,3.0,2,2,7.2,Coastal,Semi-Furnished,100.52
1878.0,4,4.0,1,1,15.4,Outskirts,Unfurnished,73.4
1275.0,3,2.0,5,1,9.2,IT Corridor,Semi-Furnished,81.02
1436.0,2,3.0,10,2,8.5,Coastal,Semi-Furnished,96.86
1315.0,3,3.0,17,1,7.8,Coastal,Unfurnished,87.3
1631.0,4,4.0,22,1,23.1,Rural,Unfurnished,36.27
1813.0,3,2.0,23,2,6.6,Suburb,Fully-Furnished,70.0
1520.0,3,2.0,6,0,12.8,IT Corridor,Semi-Furnished,95.36
1063.0,3,3.0,11,3,14.4,IT Corridor,Unfurnished,65.79
1010.0,2,2.0,24,2,9.9,Suburb,Unfurnished,43.92
2230.0,5,5.0,24,2,6.6,Suburb,Unfurnished,113.96
1260.0,2,1.0,6,1,27.1,Rural,Fully-Furnished,41.37
,3,2.0,6,3,25.5,Rural,Fully-Furnished,47.07
2133.0,3,3.0,13,1,13.7,IT Corridor,Unfurnished,121.2
1944.0,4,3.0,9,3,28.3,Rural,Semi-Furnished,56.68
1667.0,4,3.0,9,3,12.5,Outskirts,Unfurnished,74.44
1200.0,4,3.0,15,3,8.6,Suburb,Fully-Furnished,66.89
2577.0,6,6.0,3,2,23.3,Rural,Fully-Furnished,76.75
1596.0,4,3.0,0,3,22.5,Rural,Unfurnished,50.01
,3,3.0,27,2,13.6,Coastal,Unfurnished,96.29
,2,2.0,16,1,11.6,Suburb,Unfurnished,64.19
,1,1.0,10,3,10.0,Outskirts,Unfurnished,30.68
733.0,2,3.0,15,2,13.2,IT Corridor,Semi-Furnished,53.27
1603.0,3,3.0,23,3,23.4,Rural,Unfurnished,40.16
1596.0,4,3.0,13,0,18.2,Outskirts,Unfurnished,59.75
1280.0,2,2.0,27,0,8.2,Coastal,Unfurnished,61.7
814.0,1,2.0,25,1,2.5,City Center,Semi-Furnished,58.28
679.0,1,2.0,8,3,12.4,,Semi-Furnished,49.34
1236.0,1,,19,1,26.1,Rural,Unfurnished,24.86
672.0,1,1.0,0,2,9.1,Suburb,Semi-Furnished,42.49
1849.0,4,4.0,14,0,24.4,Rural,Semi-Furnished,47.27
1976.0,4,5.0,16,2,14.6,Outskirts,Semi-Furnished,72.44
2815.0,6,6.0,29,3,26.4,Rural,Semi-Furnished,59.34
1839.0,4,4.0,7,1,11.8,Outskirts,Semi-Furnished,85.78
1104.0,3,2.0,22,3,12.0,IT Corridor,Unfurnished,59.59
964.0,2,3.0,27,1,14.7,Outskirts,Fully-Furnished,33.15
450.0,2,2.0,13,2,13.6,Outskirts,Semi-Furnished,22.7
1103.0,2,2.0,5,2,10.1,Coastal,Unfurnished,64.4
1312.0,3,4.0,18,3,5.4,Suburb,Semi-Furnished,66.73
1884.0,4,3.0,22,0,8.0,Suburb,Unfurnished,83.56
1706.0,3,2.0,14,0,22.6,Rural,Semi-Furnished,36.17
1694.0,3,4.0,0,2,4.5,City Center,Unfurnished,143.18
1507.0,3,3.0,20,1,10.7,IT Corridor,Semi-Furnished,70.32
1730.0,4,5.0,8,1,9.1,Suburb,Semi-Furnished,99.22
2124.0,4,4.0,18,3,13.1,IT Corridor,Semi-Furnished,119.83
868.0,2,3.0,6,2,10.5,Outskirts,Unfurnished,41.33
1171.0,3,4.0,19,0,16.3,Outskirts,Semi-Furnished,47.83
706.0,2,2.0,26,2,9.9,,Unfurnished,43.71
2209.0,5,6.0,1,2,7.3,Coastal,Semi-Furnished,182.24
2048.0,5,6.0,18,2,2.7,City Center,Unfurnished,140.49
1776.0,3,4.0,22,0,14.3,IT Corridor,Unfurnished,76.01
801.0,1,2.0,20,0,11.1,Suburb,Unfurnished,30.05
,3,3.0,16,1,29.9,Rural,Semi-Furnished,33.79
,2,2.0,2,2,3.5,City Center,Unfurnished,123.86
1440.0,3,,10,2,23.7,Rural,Semi-Furnished,43.99
1306.0,4,5.0,9,1,13.6,Outskirts,Unfurnished,55.82
1660.0,3,3.0,11,0,13.8,IT Corridor,Semi-Furnished,94.62
1203.0,2,3.0,27,2,7.5,City Center,Fully-Furnished,92.46
,4,5.0,1,3,4.0,City Center,Fully-Furnished,160.28
1521.0,4,3.0,19,2,7.4,Suburb,Unfurnished,77.2
1253.0,3,3.0,17,0,15.8,Outskirts,Fully-Furnished,49.62
1344.0,3,2.0,23,2,25.7,Rural,Semi-Furnished,35.19
1180.0,2,3.0,11,3,3.1,City Center,Semi-Furnished,85.17
1807.0,3,3.0,15,2,5.9,Coastal,Fully-Furnished,127.67
1264.0,2,,16,1,7.9,Outskirts,Unfurnished,41.51
1547.0,3,3.0,6,0,1.5,City Center,,118.29
1204.0,4,3.0,1,1,11.9,Suburb,Fully-Furnished,74.75
657.0,1,1.0,28,3,9.6,Suburb,Semi-Furnished,34.09
,5,6.0,25,1,2.8,Suburb,Fully-Furnished,94.57
871.0,1,1.0,8,3,25.0,Rural,Fully-Furnished,31.47
,3,2.0,13,2,3.8,Suburb,Fully-Furnished,90.99
1610.0,4,5.0,5,3,20.6,Outskirts,Semi-Furnished,74.6
572.0,2,,0,0,12.5,IT Corridor,Unfurnished,37.18
928.0,2,3.0,20,3,5.6,,Fully-Furnished,57.07
1143.0,1,,17,0,5.2,City Center,Unfurnished,73.28
990.0,2,1.0,2,1,0.8,City Center,Unfurnished,91.49
809.0,1,2.0,29,0,10.6,Suburb,Unfurnished,27.25
1770.0,5,5.0,23,3,15.1,Outskirts,Unfurnished,59.03
1280.0,2,3.0,4,2,4.7,Coastal,Unfurnished,94.5
1593.0,3,4.0,22,2,10.9,Suburb,Semi-Furnished,78.72
1185.0,2,1.0,22,0,21.2,Rural,Fully-Furnished,28.25
1553.0,3,4.0,11,0,28.8,,Unfurnished,35.64
1024.0,1,1.0,22,1,8.2,Coastal,Unfurnished,54.16
1387.0,3,2.0,15,2,9.1,IT Corridor,,82.79
1691.0,3,3.0,13,0,19.9,Rural,Unfurnished,39.14
1423.0,3,,15,3,13.5,Suburb,Semi-Furnished,74.07
1171.0,2,1.0,14,2,13.1,Suburb,Fully-Furnished,53.25
857.0,1,1.0,2,2,5.5,Suburb,Unfurnished,53.79
1484.0,4,4.0,11,0,12.6,Coastal,Semi-Furnished,101.62
1572.0,3,3.0,2,3,8.5,Coastal,Unfurnished,110.79
1271.0,1,2.0,10,0,14.4,Outskirts,Semi-Furnished,50.63
1015.0,2,3.0,10,0,14.8,,Unfurnished,38.88
1671.0,3,4.0,26,2,8.2,Suburb,Fully-Furnished,83.59
2641.0,5,4.0,0,3,7.0,City Center,Semi-Furnished,207.52
1249.0,3,3.0,13,3,12.4,IT Corridor,Fully-Furnished,92.8
1568.0,3,4.0,5,3,6.8,IT Corridor,Unfurnished,105.12
1589.0,4,4.0,26,1,17.9,IT Corridor,Semi-Furnished,66.42
450.0,1,1.0,11,2,17.5,Outskirts,Unfurnished,22.22
1462.0,4,3.0,13,1,0.5,City Center,Unfurnished,108.47
1047.0,3,4.0,19,3,24.0,Rural,Semi-Furnished,34.59
2092.0,4,4.0,23,3,9.5,IT Corridor,Fully-Furnished,111.45
1273.0,2,3.0,15,0,15.1,Outskirts,Semi-Furnished,39.83
1011.0,2,2.0,25,2,10.1,Suburb,Fully-Furnished,51.93
,3,2.0,5,1,8.7,Coastal,Fully-Furnished,94.71
1483.0,4,3.0,18,3,7.3,Suburb,Unfurnished,71.5
,1,1.0,23,0,22.8,Rural,Unfurnished,22.43
1374.0,3,2.0,13,1,11.4,Suburb,Fully-Furnished,69.8
723.0,1,2.0,24,2,11.7,IT Corridor,,39.76
1287.0,2,2.0,26,3,31.3,Rural,Semi-Furnished,31.73
1788.0,3,2.0,20,3,12.7,Outskirts,Semi-Furnished,65.01
2385.0,6,6.0,28,3,27.2,Rural,,64.8
1753.0,4,5.0,21,3,9.1,Suburb,Unfurnished,78.37
1536.0,3,2.0,10,0,6.9,Suburb,Unfurnished,66.72
1992.0,4,3.0,7,0,12.8,Suburb,Unfurnished,100.58
1910.0,4,5.0,10,1,15.3,Outskirts,Unfurnished,73.04
2232.0,3,2.0,25,3,9.5,IT Corridor,Unfurnished,105.87
1941.0,4,4.0,28,0,14.1,Outskirts,Fully-Furnished,71.84
,4,3.0,18,2,10.9,Coastal,Semi-Furnished,79.38
1529.0,3,3.0,30,3,4.6,Coastal,Semi-Furnished,86.7
1490.0,3,2.0,5,0,12.9,Suburb,Semi-Furnished,65.75
1551.0,4,3.0,15,1,10.9,,Fully-Furnished,76.1
1500.0,3,4.0,21,3,2.2,City Center,Unfurnished,110.26
1009.0,2,3.0,5,2,18.8,Outskirts,Semi-Furnished,50.66
450.0,1,,19,2,7.9,City Center,Semi-Furnished,34.02
1064.0,2,3.0,7,0,16.7,Outskirts,Fully-Furnished,48.92
450.0,1,1.0,17,0,12.5,IT Corridor,Unfurnished,24.67
1434.0,3,4.0,9,1,14.2,Suburb,Unfurnished,69.89
1402.0,3,3.0,14,1,16.2,IT Corridor,Semi-Furnished,94.48
562.0,1,,12,0,5.4,Coastal,Fully-Furnished,41.41
1744.0,4,5.0,23,2,24.4,Rural,Semi-Furnished,44.19
1833.0,4,4.0,30,3,2.4,City Center,Semi-Furnished,117.69
1448.0,3,4.0,22,3,7.8,Suburb,,59.28
2234.0,3,4.0,9,1,4.8,Suburb,Semi-Furnished,125.21
2336.0,5,5.0,18,0,11.5,Suburb,Semi-Furnished,109.59
797.0,2,2.0,2,1,25.2,Rural,Fully-Furnished,29.63
1918.0,3,4.0,2,2,15.3,Outskirts,Unfurnished,82.72
,2,3.0,17,3,16.0,IT Corridor,Unfurnished,90.04
1609.0,3,,7,0,23.4,Rural,Unfurnished,44.48
1867.0,4,3.0,29,2,11.8,IT Corridor,Semi-Furnished,84.17
1040.0,1,1.0,30,3,8.8,Coastal,Fully-Furnished,55.13
1104.0,2,3.0,6,2,6.8,Coastal,Semi-Furnished,72.23
987.0,2,1.0,12,0,2.7,City Center,Semi-Furnished,72.35
1023.0,3,4.0,15,0,5.2,City Center,Semi-Furnished,69.25
1351.0,3,4.0,19,3,15.0,Outskirts,Unfurnished,52.36
674.0,1,1.0,23,2,11.7,Coastal,Fully-Furnished,46.96
877.0,1,,4,2,12.9,Outskirts,Semi-Furnished,38.83
1689.0,4,,16,2,3.6,City Center,Unfurnished,114.88
1365.0,3,2.0,17,3,0.5,City Center,Semi-Furnished,113.73
1591.0,3,2.0,1,1,11.7,IT Corridor,Unfurnished,98.87
455.0,1,2.0,18,2,7.0,Suburb,Unfurnished,26.5
1008.0,2,2.0,8,1,18.8,Outskirts,Semi-Furnished,44.71
1122.0,3,3.0,23,2,11.1,Suburb,Fully-Furnished,52.05
1416.0,2,3.0,17,1,16.4,Outskirts,Unfurnished,44.78
1107.0,3,3.0,30,1,20.2,Outskirts,Semi-Furnished,44.74
1867.0,4,5.0,5,0,19.1,Outskirts,Unfurnished,70.45
1371.0,3,2.0,14,0,5.0,City Center,Semi-Furnished,91.56
1409.0,3,4.0,18,0,6.1,Coastal,Semi-Furnished,85.46
1407.0,3,4.0,9,1,10.9,Outskirts,Semi-Furnished,57.13
1754.0,3,3.0,13,0,24.9,Rural,Semi-Furnished,39.08
1164.0,2,,4,0,14.0,Outskirts,Semi-Furnished,45.74
1961.0,5,6.0,17,3,13.2,Outskirts,Fully-Furnished,82.94
1630.0,3,4.0,10,1,14.2,Outskirts,Unfurnished,61.78
,3,3.0,19,2,7.3,IT Corridor,Semi-Furnished,87.26
,3,2.0,13,2,13.2,Suburb,Unfurnished,59.41
1660.0,3,4.0,16,0,5.8,Suburb,Unfurnished,66.66
1908.0,3,4.0,29,2,13.1,,Unfurnished,61.42
1873.0,3,4.0,28,2,13.6,IT Corridor,Fully-Furnished,88.51
1588.0,3,,15,2,10.4,Outskirts,Unfurnished,65.13
1838.0,4,4.0,17,2,11.6,Suburb,Fully-Furnished,92.12
1459.0,4,4.0,20,2,11.7,Suburb,Unfurnished,61.02
2026.0,4,4.0,13,3,7.1,Coastal,Semi-Furnished,141.66
1387.0,3,3.0,22,3,12.0,Outskirts,Semi-Furnished,50.91
450.0,1,1.0,0,2,10.7,IT Corridor,Semi-Furnished,37.61
2069.0,4,5.0,0,3,3.8,Suburb,Semi-Furnished,135.43
1454.0,3,2.0,0,1,6.9,City Center,Unfurnished,141.19
814.0,2,3.0,7,1,9.2,Suburb,Semi-Furnished,47.22
1301.0,3,3.0,4,3,6.9,Suburb,Unfurnished,79.06
958.0,3,2.0,16,2,0.5,City Center,Unfurnished,75.47
2450.0,4,3.0,26,3,13.6,IT Corridor,Fully-Furnished,126.42
1649.0,4,5.0,1,3,29.3,Rural,Semi-Furnished,46.79
616.0,1,2.0,18,1,11.4,Outskirts,Fully-Furnished,28.77
1673.0,3,2.0,4,1,6.4,Coastal,Fully-Furnished,125.56
1201.0,2,3.0,23,0,20.0,Rural,Semi-Furnished,29.8
2358.0,4,,23,2,10.9,Suburb,Unfurnished,89.65
874.0,2,1.0,28,0,8.4,Coastal,Unfurnished,45.53
,1,1.0,20,2,31.4,Rural,Unfurnished,15.9
1433.0,3,3.0,21,1,14.7,Outskirts,Semi-Furnished,51.14
1226.0,3,2.0,4,2,13.8,Outskirts,Fully-Furnished,57.8
1192.0,2,3.0,2,1,23.0,Rural,Unfurnished,33.4
450.0,1,2.0,3,2,11.4,Suburb,Semi-Furnished,32.52
1613.0,2,2.0,26,3,7.4,IT Corridor,Fully-Furnished,92.42
2237.0,4,4.0,26,2,11.1,Suburb,,101.25
450.0,1,1.0,13,0,15.7,Outskirts,Semi-Furnished,18.2
1986.0,4,4.0,14,1,1.6,City Center,Fully-Furnished,140.9
1116.0,2,1.0,1,2,0.5,City Center,Semi-Furnished,94.87
2575.0,5,6.0,9,3,15.0,IT Corridor,Unfurnished,163.41
1618.0,2,1.0,3,2,20.3,Outskirts,Semi-Furnished,65.47
1306.0,2,3.0,22,2,7.7,Suburb,Unfurnished,58.86
1953.0,4,5.0,6,1,13.5,IT Corridor,Unfurnished,122.27
1663.0,4,4.0,20,1,14.0,Suburb,Semi-Furnished,76.44
1104.0,2,2.0,26,1,1.2,City Center,Unfurnished,67.83
1755.0,4,4.0,30,2,8.3,Suburb,Semi-Furnished,67.16
1145.0,3,,17,3,5.5,Suburb,Semi-Furnished,60.12
506.0,1,2.0,3,2,14.6,Outskirts,Semi-Furnished,29.15
2416.0,5,6.0,20,0,11.8,IT Corridor,Unfurnished,124.29
1225.0,2,1.0,23,3,1.8,City Center,Unfurnished,79.97
1095.0,2,3.0,24,2,9.9,IT Corridor,Semi-Furnished,58.47
1569.0,3,4.0,14,2,10.5,Outskirts,Unfurnished,67.25
620.0,1,1.0,18,3,4.2,Coastal,Semi-Furnished,44.97
723.0,2,1.0,7,2,9.2,,Unfurnished,48.91
1150.0,2,1.0,4,3,10.8,Suburb,Unfurnished,61.65
1140.0,2,1.0,15,1,7.5,Suburb,Unfurnished,48.41
1436.0,3,2.0,14,3,0.6,City Center,Semi-Furnished,101.31
1961.0,4,5.0,0,1,16.9,Outskirts,Semi-Furnished,81.5
1163.0,3,4.0,29,2,13.6,IT Corridor,Unfurnished,54.35
1646.0,3,2.0,3,1,9.8,IT Corridor,Unfurnished,108.71
1701.0,3,4.0,6,2,7.2,Suburb,Semi-Furnished,85.72
858.0,1,1.0,3,2,4.9,City Center,Semi-Furnished,72.95
1514.0,3,3.0,18,0,10.0,Suburb,Unfurnished,67.16
929.0,2,,21,3,6.6,Suburb,Unfurnished,46.03
1932.0,4,4.0,24,3,15.7,Outskirts,Semi-Furnished,71.34
1628.0,3,2.0,21,2,7.9,Coastal,Semi-Furnished,102.33
1408.0,4,5.0,0,2,12.2,Suburb,Fully-Furnished,78.58
730.0,1,1.0,7,0,9.5,IT Corridor,Semi-Furnished,43.62
1458.0,3,3.0,23,2,11.5,Suburb,Unfurnished,58.27
1016.0,2,2.0,9,0,9.2,Coastal,Semi-Furnished,75.49
1753.0,3,4.0,22,0,5.1,Coastal,Unfurnished,96.32
1340.0,3,2.0,23,3,28.0,Rural,Unfurnished,35.94
994.0,3,2.0,4,3,10.6,Coastal,Unfurnished,86.56
1863.0,4,4.0,12,1,8.2,,Semi-Furnished,107.85
1761.0,4,5.0,13,3,30.7,Rural,Unfurnished,50.22
1103.0,3,3.0,10,2,5.7,,Fully-Furnished,68.13
1981.0,4,3.0,24,3,22.4,Rural,Unfurnished,46.86
1251.0,3,2.0,29,3,8.1,Suburb,Fully-Furnished,64.95
1245.0,2,2.0,3,1,17.2,Outskirts,Fully-Furnished,58.27
1462.0,3,4.0,16,3,10.7,Suburb,Semi-Furnished,80.88
1024.0,2,3.0,4,2,8.7,Suburb,Semi-Furnished,61.19
1179.0,3,3.0,16,2,15.9,IT Corridor,Unfurnished,65.11
1320.0,3,3.0,21,1,4.2,City Center,Semi-Furnished,88.58
2165.0,5,4.0,18,3,12.0,Coastal,Unfurnished,127.08
2150.0,3,4.0,2,3,17.1,Suburb,Unfurnished,98.96
1271.0,3,4.0,1,1,12.6,IT Corridor,Unfurnished,86.22
2205.0,6,5.0,26,0,17.6,Rural,,55.18
1378.0,4,4.0,12,3,7.7,Suburb,Unfurnished,74.71
1590.0,3,2.0,19,0,4.9,Coastal,Fully-Furnished,93.22
1842.0,3,2.0,24,2,15.3,Outskirts,Semi-Furnished,60.49
1546.0,3,4.0,0,1,3.3,City Center,Unfurnished,135.57
2608.0,5,4.0,20,0,8.5,IT Corridor,Unfurnished,132.34
1522.0,3,4.0,27,3,11.7,Outskirts,Unfurnished,60.59
801.0,1,1.0,27,3,2.2,City Center,Unfurnished,49.95
2053.0,5,4.0,23,1,14.4,,Unfurnished,68.34
1194.0,3,2.0,9,0,0.5,City Center,Semi-Furnished,99.91
1248.0,1,1.0,15,2,27.8,Rural,Unfurnished,29.26
450.0,1,1.0,14,3,15.1,Outskirts,Fully-Furnished,28.74
1900.0,3,2.0,4,1,3.0,City Center,Fully-Furnished,146.83
1809.0,3,2.0,7,0,9.9,Suburb,Fully-Furnished,87.31
1800.0,3,2.0,19,0,12.0,Outskirts,Unfurnished,58.95
1889.0,4,3.0,5,3,8.9,Suburb,Semi-Furnished,115.8
2246.0,5,5.0,9,3,18.0,Outskirts,Semi-Furnished,87.96
,2,,2,0,12.1,Suburb,Fully-Furnished,77.69
1869.0,4,3.0,25,0,13.3,IT Corridor,Unfurnished,87.65
1028.0,3,2.0,6,2,2.2,City Center,Semi-Furnished,97.18
1223.0,3,3.0,20,2,22.6,Rural,Semi-Furnished,36.92
1928.0,4,3.0,5,1,15.8,IT Corridor,Unfurnished,117.77
1596.0,3,3.0,9,0,9.5,Coastal,,112.27
733.0,1,1.0,13,3,7.8,Suburb,Semi-Furnished,39.4
1581.0,3,4.0,19,3,0.5,City Center,Fully-Furnished,120.88
1309.0,3,2.0,12,1,22.5,Rural,Fully-Furnished,35.06
991.0,2,2.0,16,0,0.5,City Center,Unfurnished,60.38
1617.0,5,4.0,23,2,15.6,IT Corridor,Semi-Furnished,81.42
1198.0,3,3.0,14,1,3.5,City Center,Unfurnished,79.7
615.0,1,1.0,24,3,0.8,City Center,Semi-Furnished,49.95
844.0,3,4.0,29,3,2.2,City Center,Unfurnished,64.81
2285.0,4,5.0,16,0,32.6,Rural,Unfurnished,48.2
643.0,1,1.0,20,1,15.5,IT Corridor,Semi-Furnished,35.43
,3,4.0,20,2,11.1,Outskirts,Semi-Furnished,57.23
1705.0,3,4.0,27,0,14.6,Outskirts,,51.44
1720.0,4,4.0,14,0,5.4,Suburb,Fully-Furnished,87.09
787.0,1,2.0,26,1,7.0,IT Corridor,Unfurnished,39.63
1239.0,4,5.0,9,3,12.5,IT Corridor,Unfurnished,80.42
1470.0,4,4.0,26,3,15.1,Coastal,Semi-Furnished,81.25
1800.0,4,5.0,15,3,29.6,Rural,Unfurnished,48.17
1078.0,2,2.0,2,0,15.1,Outskirts,Fully-Furnished,50.67
818.0,2,2.0,19,0,7.9,Suburb,Unfurnished,34.53
1901.0,4,3.0,10,0,3.6,City Center,Semi-Furnished,159.45
1953.0,3,4.0,29,3,12.0,Suburb,Unfurnished,74.79
1585.0,3,2.0,16,2,4.7,Suburb,Fully-Furnished,88.48
1096.0,3,3.0,25,1,0.5,City Center,Unfurnished,66.15
1603.0,3,2.0,13,2,17.5,IT Corridor,Semi-Furnished,85.88
1455.0,4,5.0,2,1,15.8,,Unfurnished,65.69
1819.0,4,4.0,17,2,29.7,Rural,Unfurnished,47.27
775.0,1,1.0,19,3,9.7,Suburb,Semi-Furnished,41.02
1458.0,3,3.0,19,2,7.4,City Center,Semi-Furnished,118.27
1320.0,2,3.0,2,1,10.2,IT Corridor,Semi-Furnished,87.75
845.0,2,1.0,0,1,26.5,Rural,,31.17
,2,3.0,19,0,13.6,Suburb,Fully-Furnished,63.61
1417.0,3,4.0,14,3,12.0,Suburb,Semi-Furnished,83.94
1195.0,3,2.0,26,1,10.6,IT Corridor,Unfurnished,60.84
1598.0,4,5.0,6,1,14.6,IT Corridor,Unfurnished,101.54
691.0,1,2.0,21,3,6.0,Coastal,Unfurnished,41.33
1373.0,2,2.0,7,3,4.8,Suburb,Unfurnished,76.08
1616.0,4,3.0,3,3,10.5,Suburb,Semi-Furnished,90.29
1542.0,3,2.0,17,0,16.1,IT Corridor,Unfurnished,77.96
1938.0,5,5.0,13,1,5.5,City Center,Unfurnished,152.38
799.0,2,2.0,13,1,8.3,IT Corridor,Unfurnished,45.29
646.0,2,2.0,6,1,11.6,Suburb,Unfurnished,36.43
1520.0,4,3.0,5,2,5.0,City Center,Unfurnished,133.8
1628.0,3,4.0,20,2,7.6,Suburb,Unfurnished,74.37
2460.0,6,5.0,12,2,0.6,Coastal,Semi-Furnished,166.38
1708.0,3,2.0,22,3,18.0,Outskirts,Unfurnished,53.04
963.0,2,1.0,12,2,17.6,Outskirts,Unfurnished,35.59
1803.0,3,4.0,22,0,4.5,City Center,Fully-Furnished,108.71
977.0,2,1.0,11,1,9.9,Outskirts,Semi-Furnished,42.99
657.0,1,1.0,11,3,0.5,City Center,Semi-Furnished,59.26
2705.0,6,6.0,7,3,15.0,IT Corridor,Unfurnished,150.45
1563.0,4,3.0,18,3,11.4,Suburb,Fully-Furnished,80.33
1757.0,2,,12,2,26.5,Rural,Fully-Furnished,45.05
1682.0,3,2.0,6,1,2.3,City Center,Semi-Furnished,107.83
2306.0,4,3.0,1,3,26.2,Rural,Unfurnished,71.04
1542.0,4,4.0,28,1,6.4,Coastal,Semi-Furnished,92.75
2009.0,4,4.0,11,0,2.1,City Center,Unfurnished,134.22
886.0,2,1.0,29,3,6.4,Suburb,Semi-Furnished,40.48
704.0,1,1.0,13,1,15.8,Outskirts,Fully-Furnished,32.17
2113.0,5,6.0,0,1,1.8,City Center,Fully-Furnished,185.77
2137.0,5,4.0,30,3,11.8,Suburb,Fully-Furnished,84.32
,3,2.0,17,1,17.1,Outskirts,Semi-Furnished,55.42
1513.0,3,3.0,29,3,6.6,Suburb,Unfurnished,62.05
1483.0,2,1.0,22,3,20.5,Outskirts,Unfurnished,46.35
1056.0,2,3.0,6,0,5.7,Suburb,Unfurnished,54.85
2169.0,5,4.0,7,1,13.3,IT Corridor,Semi-Furnished,129.32
1729.0,3,2.0,14,0,11.2,Coastal,Semi-Furnished,98.64
,4,3.0,1,2,6.8,City Center,Fully-Furnished,146.49
1588.0,2,1.0,9,1,8.4,Outskirts,Unfurnished,51.56
1924.0,3,4.0,0,1,12.0,Suburb,Unfurnished,112.1
1653.0,2,3.0,17,0,12.6,Suburb,Unfurnished,59.79
1773.0,3,4.0,21,2,12.3,Coastal,Fully-Furnished,105.89
816.0,2,1.0,7,0,18.3,Rural,Semi-Furnished,24.46
1655.0,3,4.0,0,1,7.0,Suburb,Unfurnished,93.96
2494.0,5,5.0,6,2,7.7,Coastal,Semi-Furnished,179.65
1141.0,3,2.0,11,3,7.7,Suburb,Semi-Furnished,70.77
1336.0,2,2.0,10,1,19.0,Outskirts,Fully-Furnished,49.53
1846.0,3,4.0,24,1,10.0,IT Corridor,Unfurnished,88.15
1879.0,3,3.0,21,3,12.7,Suburb,Semi-Furnished,84.55
1712.0,5,5.0,1,3,9.7,Coastal,Semi-Furnished,131.14
591.0,1,2.0,13,3,20.6,Rural,Unfurnished,21.46
1651.0,3,,21,2,12.0,Outskirts,Unfurnished,60.81
808.0,2,3.0,30,0,23.6,Rural,Unfurnished,16.87
988.0,2,3.0,13,3,12.3,,Semi-Furnished,62.96
1674.0,3,2.0,14,3,18.0,Outskirts,Semi-Furnished,63.5
1252.0,3,2.0,12,1,7.5,Coastal,Semi-Furnished,82.96
1805.0,4,3.0,28,2,5.7,City Center,Fully-Furnished,114.72
2974.0,6,,15,2,3.3,Coastal,Unfurnished,184.99
1789.0,3,3.0,10,0,5.9,Outskirts,Fully-Furnished,73.85
1761.0,4,5.0,10,1,24.0,Rural,Semi-Furnished,51.24
,2,3.0,16,3,10.4,Suburb,,55.08
1079.0,3,3.0,26,2,6.9,Coastal,Unfurnished,69.37
868.0,3,4.0,14,0,0.5,City Center,,66.01
1134.0,2,3.0,20,2,26.3,,Semi-Furnished,36.82
854.0,1,1.0,10,1,17.8,IT Corridor,Unfurnished,45.45
1070.0,2,2.0,12,0,7.7,Coastal,Fully-Furnished,76.15
1296.0,4,5.0,10,0,5.8,Coastal,Unfurnished,90.22
900.0,2,1.0,3,2,9.5,IT Corridor,Semi-Furnished,61.74
690.0,2,2.0,4,1,8.9,City Center,Unfurnished,50.34
719.0,3,,15,3,2.9,City Center,Semi-Furnished,72.82
1627.0,3,3.0,18,1,10.8,Suburb,Unfurnished,66.74
1430.0,3,2.0,30,0,28.7,Rural,Semi-Furnished,27.34
1913.0,3,3.0,7,0,15.2,IT Corridor,Semi-Furnished,118.51
1922.0,4,3.0,27,1,12.2,Outskirts,Semi-Furnished,61.28
1230.0,3,4.0,14,0,11.9,Suburb,Fully-Furnished,71.86
1735.0,4,3.0,2,3,10.5,Coastal,Unfurnished,144.39
680.0,1,1.0,27,2,13.5,IT Corridor,Semi-Furnished,38.83
,5,5.0,11,1,12.0,,Semi-Furnished,123.74
1998.0,3,4.0,29,3,6.3,Coastal,Fully-Furnished,116.78
1292.0,3,,14,0,14.8,Outskirts,Unfurnished,40.31
818.0,1,1.0,27,0,6.4,Coastal,Fully-Furnished,46.55
1590.0,3,3.0,12,2,10.3,Coastal,Unfurnished,103.72
465.0,1,2.0,23,0,7.0,Suburb,Fully-Furnished,25.22
1010.0,2,3.0,3,1,10.2,Suburb,Unfurnished,55.87
1774.0,4,3.0,5,0,11.7,,Semi-Furnished,64.69
1438.0,3,4.0,5,3,7.6,Coastal,Unfurnished,114.25
1155.0,3,4.0,15,3,13.9,Outskirts,Semi-Furnished,57.84
1875.0,4,5.0,16,2,24.7,Rural,Unfurnished,45.08
881.0,2,3.0,6,3,3.4,City Center,Unfurnished,79.09
1542.0,2,1.0,22,3,11.4,IT Corridor,Fully-Furnished,92.87
1151.0,3,2.0,24,1,11.3,,Semi-Furnished,61.63
976.0,2,3.0,22,1,5.8,IT Corridor,,54.14
1632.0,4,5.0,16,2,28.3,Rural,Semi-Furnished,44.29
904.0,1,2.0,20,3,23.1,Rural,Unfurnished,27.84
2351.0,4,3.0,26,1,8.3,Suburb,Unfurnished,101.22
1108.0,1,1.0,20,3,22.5,Rural,Semi-Furnished,29.17
2395.0,4,4.0,19,3,12.0,Suburb,Fully-Furnished,110.54
853.0,2,1.0,0,0,9.3,IT Corridor,Unfurnished,51.36
1703.0,4,4.0,11,1,13.5,IT Corridor,Fully-Furnished,101.64
800.0,2,1.0,6,2,15.5,IT Corridor,Unfurnished,52.13
729.0,2,2.0,9,1,29.9,Rural,Semi-Furnished,24.21
1480.0,3,3.0,10,3,18.6,Outskirts,Semi-Furnished,59.74
1739.0,3,4.0,25,1,4.9,City Center,Unfurnished,123.27
763.0,2,1.0,7,2,11.4,Outskirts,Unfurnished,33.62
1992.0,4,4.0,9,1,12.9,Suburb,Unfurnished,94.21
1001.0,1,2.0,12,3,28.6,Rural,Semi-Furnished,34.77
1466.0,3,2.0,7,2,10.5,Coastal,Semi-Furnished,103.21
1590.0,4,4.0,12,1,17.4,Outskirts,Unfurnished,58.87
1697.0,3,3.0,30,3,9.2,Suburb,Unfurnished,71.57
501.0,1,2.0,10,2,7.5,Suburb,Semi-Furnished,30.71
2209.0,4,3.0,7,1,15.3,IT Corridor,Unfurnished,132.95
1681.0,3,4.0,0,2,11.8,Coastal,Unfurnished,133.0
1187.0,3,,30,1,8.9,IT Corridor,Unfurnished,56.61
888.0,2,2.0,26,1,11.8,Suburb,Unfurnished,35.89
553.0,1,1.0,7,0,25.8,Rural,Fully-Furnished,19.42
719.0,1,1.0,29,3,14.7,IT Corridor,Unfurnished,32.62
1672.0,3,3.0,12,1,8.8,,Semi-Furnished,107.67
1229.0,1,1.0,19,1,28.4,Rural,Unfurnished,25.42
834.0,1,2.0,26,2,6.1,City Center,Semi-Furnished,59.69
1137.0,3,4.0,8,2,17.7,Outskirts,Fully-Furnished,55.83
2182.0,5,5.0,26,0,4.9,Suburb,Semi-Furnished,87.09
1235.0,1,1.0,13,3,11.5,Suburb,Semi-Furnished,58.31
1108.0,3,2.0,1,3,12.2,IT Corridor,Semi-Furnished,80.16
2075.0,4,3.0,28,2,4.7,Coastal,Semi-Furnished,112.52
1631.0,3,3.0,3,2,14.2,IT Corridor,Fully-Furnished,117.92
1422.0,3,3.0,18,0,5.0,Suburb,Unfurnished,62.29
,1,2.0,16,1,14.7,IT Corridor,,57.51
624.0,1,2.0,21,0,14.1,Suburb,Semi-Furnished,28.09
815.0,1,2.0,22,0,7.5,Suburb,Unfurnished,31.51
1160.0,2,3.0,21,3,11.8,Suburb,Semi-Furnished,56.56
1290.0,3,3.0,20,0,10.4,Suburb,,46.45
1578.0,2,3.0,30,2,17.0,Outskirts,Semi-Furnished,43.99
1676.0,3,4.0,28,1,11.0,Outskirts,Unfurnished,47.28
1511.0,2,3.0,20,0,16.9,Outskirts,Unfurnished,47.38
1510.0,3,2.0,3,3,9.5,Suburb,Unfurnished,82.69
896.0,2,2.0,3,0,17.3,Outskirts,Semi-Furnished,38.25
450.0,1,2.0,23,3,3.1,City Center,Unfurnished,40.13
1140.0,2,1.0,15,1,6.3,City Center,Fully-Furnished,78.86
923.0,1,1.0,23,3,9.9,Suburb,Semi-Furnished,48.37
1074.0,2,2.0,28,0,14.1,IT Corridor,Fully-Furnished,53.34
1263.0,3,,25,3,12.1,Coastal,Semi-Furnished,73.56
778.0,1,1.0,4,3,9.6,Suburb,Unfurnished,50.06
845.0,2,2.0,13,3,15.0,IT Corridor,Unfurnished,48.2
1350.0,4,5.0,1,0,9.8,Suburb,Unfurnished,69.24
1458.0,3,3.0,8,1,13.6,IT Corridor,Unfurnished,84.53
1072.0,2,1.0,1,3,6.5,Coastal,Semi-Furnished,88.5
1649.0,4,4.0,26,0,17.4,Outskirts,Semi-Furnished,51.78
1290.0,2,1.0,2,2,11.7,Coastal,Semi-Furnished,81.31
890.0,1,1.0,4,2,11.8,IT Corridor,Unfurnished,55.42
1420.0,2,3.0,5,2,5.4,City Center,Semi-Furnished,117.38
2341.0,5,5.0,2,2,13.4,IT Corridor,Fully-Furnished,184.79
1063.0,2,1.0,23,2,0.5,City Center,Semi-Furnished,81.02
1983.0,4,5.0,13,3,10.1,Suburb,Unfurnished,99.07
2089.0,4,4.0,18,2,16.0,IT Corridor,Semi-Furnished,102.68
2149.0,5,5.0,28,0,13.7,Outskirts,Semi-Furnished,67.93
989.0,2,1.0,22,1,3.8,Suburb,Fully-Furnished,44.58
2408.0,4,4.0,13,2,12.7,IT Corridor,Semi-Furnished,137.28
1458.0,3,,17,1,13.2,Outskirts,Fully-Furnished,59.98
1273.0,3,4.0,20,2,30.7,Rural,Unfurnished,33.14
1285.0,3,2.0,10,0,3.0,City Center,,100.57
1701.0,3,2.0,15,2,3.1,City Center,Semi-Furnished,121.74
,2,3.0,24,0,10.2,IT Corridor,Semi-Furnished,66.11
1312.0,2,,26,0,9.8,Suburb,Unfurnished,54.64
2042.0,3,4.0,5,3,10.4,IT Corridor,Semi-Furnished,136.93
1039.0,2,1.0,21,3,22.4,Rural,Unfurnished,27.95
878.0,1,1.0,11,3,11.9,IT Corridor,Semi-Furnished,54.19
1797.0,4,4.0,22,0,9.7,IT Corridor,Unfurnished,89.22
1752.0,3,2.0,12,3,16.0,IT Corridor,Unfurnished,102.51
1947.0,4,4.0,3,0,5.7,Suburb,Fully-Furnished,114.08
864.0,1,1.0,21,0,14.9,Outskirts,Semi-Furnished,31.11
1941.0,3,2.0,24,2,10.1,IT Corridor,,95.49
1641.0,4,3.0,23,2,5.0,Suburb,Unfurnished,66.92
2281.0,4,4.0,2,0,17.0,IT Corridor,Semi-Furnished,158.67
776.0,2,3.0,17,2,2.9,Suburb,Unfurnished,45.5
1509.0,2,1.0,1,3,29.4,Rural,Unfurnished,44.95
1261.0,3,3.0,18,1,4.9,Suburb,Fully-Furnished,70.9
605.0,1,1.0,4,2,12.4,,Unfurnished,36.81
1043.0,2,3.0,8,1,14.8,Coastal,Semi-Furnished,70.48
1964.0,4,3.0,15,3,0.5,City Center,Semi-Furnished,143.55
1166.0,3,3.0,18,2,21.1,Rural,Semi-Furnished,39.19
1039.0,2,3.0,26,2,7.0,City Center,Unfurnished,61.25
1834.0,4,4.0,26,0,15.6,Outskirts,Unfurnished,53.12
1894.0,4,4.0,3,2,10.5,IT Corridor,Semi-Furnished,138.82
1893.0,4,3.0,13,1,9.0,,Fully-Furnished,98.06
1005.0,2,3.0,30,2,6.3,Suburb,Unfurnished,41.47
1371.0,3,2.0,23,1,9.5,Suburb,Unfurnished,64.06
1915.0,4,5.0,21,0,13.5,Suburb,Semi-Furnished,73.81
1072.0,2,3.0,15,1,11.0,IT Corridor,Unfurnished,61.97
1025.0,2,2.0,17,1,12.5,IT Corridor,Unfurnished,53.89
1814.0,3,4.0,15,2,15.6,IT Corridor,Semi-Furnished,104.62
2181.0,5,4.0,28,0,15.0,Suburb,Unfurnished,76.79
824.0,2,2.0,18,1,10.4,IT Corridor,Semi-Furnished,45.78
450.0,1,2.0,10,2,10.0,Suburb,Semi-Furnished,30.99
675.0,1,2.0,4,3,10.5,IT Corridor,Unfurnished,44.54
894.0,1,2.0,28,0,7.2,,Unfurnished,33.54
1331.0,3,4.0,6,3,10.9,IT Corridor,Fully-Furnished,92.4
1708.0,3,2.0,0,1,23.2,Rural,Fully-Furnished,55.64
1327.0,3,2.0,5,3,4.0,Suburb,Fully-Furnished,78.87
1050.0,2,1.0,14,0,9.3,Outskirts,Semi-Furnished,36.83
1477.0,3,2.0,16,3,7.0,Suburb,,76.72
919.0,2,2.0,7,3,25.5,,Unfurnished,33.49
1377.0,2,3.0,20,2,15.7,IT Corridor,Unfurnished,61.05
1079.0,2,1.0,0,2,1.5,City Center,Unfurnished,95.61
2740.0,6,6.0,21,1,8.6,Suburb,Semi-Furnished,124.24
1808.0,4,5.0,16,0,17.0,Outskirts,Semi-Furnished,58.84
982.0,2,3.0,6,3,14.3,,Unfurnished,61.93
902.0,2,2.0,22,3,14.8,Outskirts,Unfurnished,37.55
,2,2.0,10,0,2.9,City Center,Semi-Furnished,85.17
578.0,1,1.0,25,3,20.6,Outskirts,Unfurnished,22.67
1035.0,2,1.0,4,2,8.1,Suburb,Unfurnished,63.18
1031.0,2,2.0,0,3,7.7,Suburb,Unfurnished,58.21
1842.0,3,2.0,20,2,10.3,Outskirts,Fully-Furnished,63.94
1187.0,2,1.0,0,3,10.4,Suburb,Semi-Furnished,60.01
1005.0,2,1.0,13,0,14.3,Outskirts,,34.02
730.0,2,1.0,20,0,17.7,IT Corridor,Unfurnished,32.12
812.0,2,3.0,8,0,7.1,Coastal,Semi-Furnished,66.23
1367.0,3,2.0,8,0,11.5,Suburb,Unfurnished,70.12
1292.0,2,1.0,6,2,5.8,City Center,Unfurnished,93.34
1967.0,3,3.0,0,2,19.9,Outskirts,Semi-Furnished,93.89
1085.0,1,2.0,29,3,8.3,,Unfurnished,56.01
1930.0,3,2.0,20,3,13.7,Suburb,,83.72
1529.0,3,2.0,14,1,15.1,Outskirts,Semi-Furnished,59.64
1398.0,3,3.0,6,3,2.8,,Unfurnished,120.86
450.0,1,2.0,30,2,11.2,IT Corridor,Unfurnished,24.26
755.0,2,2.0,5,3,13.9,Outskirts,Semi-Furnished,36.0
1771.0,3,3.0,9,2,14.1,Outskirts,Fully-Furnished,69.59
2099.0,3,4.0,12,1,0.5,City Center,Unfurnished,155.15
,2,3.0,6,2,9.6,Coastal,Semi-Furnished,104.09
1781.0,3,4.0,18,0,12.3,IT Corridor,Unfurnished,85.08
1196.0,3,3.0,22,1,0.5,City Center,Unfurnished,86.49
1214.0,2,1.0,0,0,7.9,Coastal,Fully-Furnished,84.75
1069.0,3,4.0,28,2,18.9,IT Corridor,Semi-Furnished,59.93
,5,5.0,11,0,13.2,IT Corridor,Unfurnished,103.57
1571.0,3,2.0,5,2,14.0,Outskirts,Semi-Furnished,66.84
1283.0,3,4.0,1,3,14.1,Suburb,Fully-Furnished,74.85
1236.0,2,1.0,26,3,9.8,IT Corridor,Fully-Furnished,67.32
1678.0,3,4.0,11,1,7.7,Coastal,,106.22
1562.0,3,3.0,18,2,7.5,Suburb,Semi-Furnished,66.15
984.0,2,1.0,2,2,8.4,Suburb,Semi-Furnished,57.75
2258.0,5,6.0,28,2,27.2,Rural,Unfurnished,50.91
1529.0,4,4.0,26,1,13.8,IT Corridor,Fully-Furnished,83.83
1405.0,3,4.0,29,0,7.0,Suburb,Unfurnished,54.26
2139.0,4,3.0,23,0,2.7,City Center,Unfurnished,122.66
1912.0,4,5.0,13,0,15.4,Outskirts,Unfurnished,64.89
1356.0,3,4.0,8,0,10.9,IT Corridor,Fully-Furnished,72.77
1668.0,3,3.0,29,3,12.0,IT Corridor,Fully-Furnished,77.95
865.0,2,1.0,15,1,7.0,Suburb,Semi-Furnished,47.79
1080.0,2,1.0,5,0,12.9,Outskirts,,47.53
450.0,1,1.0,15,3,9.2,Suburb,Semi-Furnished,32.3
2010.0,5,6.0,13,1,9.1,,Unfurnished,119.16
451.0,1,1.0,3,3,16.3,Outskirts,Fully-Furnished,32.41
1741.0,3,,13,3,24.5,Rural,Semi-Furnished,51.67
985.0,2,3.0,0,1,6.4,Suburb,Fully-Furnished,55.44
911.0,1,1.0,7,0,13.3,Outskirts,Semi-Furnished,32.86
1302.0,2,2.0,27,0,1.7,City Center,Semi-Furnished,84.79
1533.0,2,3.0,15,2,2.6,City Center,Semi-Furnished,123.3
1706.0,3,3.0,8,2,8.4,Coastal,Semi-Furnished,120.65
2286.0,4,3.0,23,0,2.5,City Center,Fully-Furnished,142.99
1579.0,3,4.0,20,2,9.6,IT Corridor,Semi-Furnished,85.16
1841.0,4,4.0,3,2,19.3,Outskirts,Unfurnished,72.68
1101.0,3,2.0,0,3,5.7,City Center,Unfurnished,93.34
1757.0,4,5.0,14,3,12.4,IT Corridor,Unfurnished,90.55
1477.0,3,2.0,14,1,14.9,,Fully-Furnished,85.69
1168.0,2,3.0,16,3,13.0,IT Corridor,,68.89
1352.0,3,4.0,19,2,2.3,City Center,Unfurnished,95.27
1369.0,2,1.0,6,3,15.3,Outskirts,Semi-Furnished,65.93
1496.0,3,2.0,19,3,19.9,IT Corridor,,86.97
1601.0,4,5.0,19,2,12.0,,Fully-Furnished,76.57
1146.0,3,3.0,10,0,12.1,Suburb,Fully-Furnished,63.38
1030.0,2,3.0,7,2,7.9,Suburb,Fully-Furnished,56.38
1774.0,4,5.0,24,3,16.8,Outskirts,Unfurnished,67.41
552.0,2,2.0,17,0,15.7,Suburb,Semi-Furnished,28.83
1091.0,1,2.0,21,0,10.3,Suburb,Semi-Furnished,44.6
2176.0,4,3.0,17,0,12.2,,Semi-Furnished,96.64
450.0,1,1.0,14,3,6.8,City Center,Unfurnished,43.07
1053.0,2,3.0,23,2,14.0,IT Corridor,,53.18
1744.0,3,3.0,2,1,16.7,IT Corridor,Fully-Furnished,104.23
575.0,2,1.0,28,0,8.8,Coastal,Semi-Furnished,37.65
2699.0,6,5.0,22,3,16.5,Outskirts,Fully-Furnished,96.65
450.0,1,1.0,28,3,7.3,Suburb,Unfurnished,27.16
2118.0,4,3.0,4,1,32.8,Rural,Unfurnished,50.2
2179.0,4,5.0,15,0,10.0,Suburb,Fully-Furnished,104.72
1858.0,4,3.0,16,3,8.4,Coastal,Semi-Furnished,114.73
1289.0,3,3.0,8,2,29.1,Rural,Semi-Furnished,41.96
1579.0,3,4.0,20,1,1.7,City Center,Unfurnished,104.84
951.0,1,,7,1,3.1,City Center,Unfurnished,70.28
1805.0,3,2.0,19,2,6.8,Suburb,Semi-Furnished,91.03
840.0,2,3.0,24,2,3.2,City Center,Fully-Furnished,66.08
1263.0,3,,26,0,8.0,Suburb,Unfurnished,42.99
1898.0,4,4.0,23,3,10.7,Suburb,Fully-Furnished,87.19
843.0,1,2.0,14,0,8.7,Suburb,Unfurnished,34.86
1218.0,3,2.0,24,1,13.3,Outskirts,Semi-Furnished,39.28
1482.0,3,2.0,17,3,8.2,Suburb,Unfurnished,67.71
729.0,2,1.0,25,3,8.7,Suburb,Semi-Furnished,37.63
1982.0,4,4.0,21,2,6.6,Coastal,Unfurnished,115.77
1570.0,4,5.0,17,3,11.8,Suburb,Unfurnished,73.43
642.0,1,,19,0,17.0,Outskirts,Semi-Furnished,19.88
1377.0,3,4.0,27,2,8.5,Coastal,Semi-Furnished,76.27
1012.0,1,2.0,30,0,11.6,Outskirts,Unfurnished,28.49
1071.0,1,1.0,20,2,9.6,Coastal,Semi-Furnished,58.59
1438.0,3,2.0,0,3,0.5,City Center,Unfurnished,134.78
1045.0,2,2.0,19,1,12.6,IT Corridor,Fully-Furnished,62.09
1882.0,3,4.0,17,2,9.2,Suburb,Unfurnished,82.48
1048.0,2,3.0,25,3,13.4,Outskirts,Unfurnished,40.61
1891.0,4,3.0,24,1,12.7,Outskirts,Unfurnished,56.37
1378.0,4,3.0,20,1,13.1,,Semi-Furnished,50.36
1828.0,4,4.0,6,1,15.0,Suburb,,87.1
1129.0,3,2.0,23,0,8.3,Suburb,Semi-Furnished,50.34
1147.0,1,1.0,4,2,7.5,Coastal,Unfurnished,88.77
824.0,2,2.0,28,2,11.9,Suburb,Semi-Furnished,37.02
1689.0,4,4.0,8,1,9.3,Coastal,Semi-Furnished,127.4
1869.0,4,5.0,12,3,15.1,IT Corridor,Fully-Furnished,99.77
2460.0,5,4.0,17,3,11.5,Outskirts,Fully-Furnished,89.42
2045.0,4,5.0,23,3,8.9,IT Corridor,Semi-Furnished,101.98
1525.0,4,3.0,1,2,24.7,Outskirts,Unfurnished,71.43
1295.0,3,2.0,9,2,25.0,Rural,Unfurnished,34.98
1594.0,3,4.0,12,0,7.2,Coastal,Semi-Furnished,109.47
1386.0,2,3.0,15,1,9.5,Suburb,Semi-Furnished,56.97
2132.0,5,6.0,15,1,18.0,Outskirts,Semi-Furnished,80.1
1872.0,3,4.0,27,2,11.6,,Semi-Furnished,64.54
982.0,3,4.0,18,3,12.9,IT Corridor,Semi-Furnished,63.68
1056.0,3,2.0,30,2,9.0,Suburb,Semi-Furnished,38.78
2084.0,4,3.0,23,0,27.0,Rural,Unfurnished,41.72
1554.0,3,2.0,29,3,12.6,IT Corridor,Unfurnished,76.68
1284.0,2,2.0,19,2,13.5,Outskirts,Fully-Furnished,55.94
1993.0,4,3.0,23,3,0.6,City Center,Semi-Furnished,138.93
1206.0,3,3.0,17,1,2.0,Suburb,Fully-Furnished,56.92
1260.0,4,4.0,26,2,11.9,Suburb,Unfurnished,55.24
1169.0,3,2.0,8,3,4.8,Suburb,Fully-Furnished,76.38
450.0,1,1.0,27,3,10.9,IT Corridor,Unfurnished,26.29
1832.0,4,,13,3,12.9,Coastal,Semi-Furnished,124.78
795.0,1,1.0,18,2,1.9,City Center,Semi-Furnished,58.03
1116.0,2,1.0,6,0,26.8,Rural,Unfurnished,26.1
1028.0,3,4.0,7,3,8.5,Suburb,,64.82
1763.0,3,2.0,10,1,17.1,Outskirts,Semi-Furnished,62.16
1366.0,2,3.0,0,2,15.2,Outskirts,Semi-Furnished,75.43
1408.0,3,4.0,26,1,13.6,Outskirts,Semi-Furnished,49.13
560.0,1,1.0,23,0,19.0,Outskirts,Unfurnished,16.75
1356.0,1,1.0,16,3,7.3,Coastal,Fully-Furnished,85.03
662.0,2,3.0,23,2,8.2,IT Corridor,Unfurnished,40.03
1554.0,3,3.0,21,1,2.1,City Center,Semi-Furnished,103.47
1583.0,3,4.0,22,3,13.6,IT Corridor,Fully-Furnished,80.51
1391.0,3,4.0,10,3,5.9,Suburb,Fully-Furnished,73.54
2422.0,4,5.0,17,1,11.3,Suburb,Unfurnished,106.47
1664.0,3,3.0,0,1,11.3,Suburb,Fully-Furnished,93.59
1698.0,3,4.0,20,0,21.2,Outskirts,Semi-Furnished,45.85
1471.0,4,4.0,3,1,7.2,Suburb,Semi-Furnished,72.43
1304.0,3,3.0,22,1,5.0,City Center,Unfurnished,83.26
1883.0,4,4.0,22,3,20.3,Rural,Unfurnished,48.49
1951.0,3,4.0,16,3,13.9,Outskirts,Semi-Furnished,77.95
749.0,1,1.0,8,1,9.4,Suburb,Fully-Furnished,39.57
1927.0,3,4.0,20,0,13.3,IT Corridor,Semi-Furnished,99.91
1951.0,3,2.0,9,3,8.9,Suburb,Semi-Furnished,107.7
1833.0,4,4.0,30,3,2.4,City Center,Semi-Furnished,117.69
2332.0,6,6.0,23,0,2.1,Suburb,Semi-Furnished,108.08
2007.0,4,4.0,24,1,5.9,Suburb,Semi-Furnished,80.13
2158.0,4,4.0,4,0,5.4,Suburb,Unfurnished,120.76
,2,3.0,19,0,13.6,Suburb,Fully-Furnished,63.61
2268.0,5,5.0,25,2,8.2,IT Corridor,Unfurnished,122.08
799.0,2,2.0,13,1,8.3,IT Corridor,Unfurnished,45.29
1588.0,3,,15,2,10.4,Outskirts,Unfurnished,65.13
1279.0,2,2.0,29,0,13.9,Suburb,Unfurnished,47.81
